<?xml version="1.0" encoding="utf-8"?>
<scene PGFVersion="0.19" GSCVersion="0.10.5" id="id214939">
  <layers>
    <layer id="id425439">
      <actors>
        <actor id="id484277" prototype="id213549">
          <attributes>
            <point id="position">
              <real id="x">641</real>
              <real id="y">397</real>
            </point>
            <size id="size">
              <real id="width">1286</real>
              <real id="height">800</real>
            </size>
            <angle id="rotation">0</angle>
            <image id="image">6-vector-game-backgrounds-8003_imgs_8003_5</image>
          </attributes>
          <aspects>
            <graphics>
              <attributes>
                <integer id="tileWidth" name="tileWidth">0</integer>
                <integer id="tileHeight" name="tileHeight">0</integer>
              </attributes>
            </graphics>
            <motion />
            <physics>
              <attributes />
            </physics>
          </aspects>
        </actor>
        <actor id="id798334" prototype="id912176">
          <attributes>
            <point id="position">
              <real id="x">640</real>
              <real id="y">206</real>
            </point>
            <size id="size">
              <real id="width">430</real>
              <real id="height">258</real>
            </size>
            <angle id="rotation">0</angle>
            <image id="image">play</image>
          </attributes>
          <behaviors>
            <behavior id="id243525" class="RuleBehavior" enabled="true">
              <attributes>
                <text id="name">Rule</text>
                <text id="bundleName">Rule.behavior</text>
                <real id="compoundConditionKind">0</real>
              </attributes>
              <conditions>
                <condition id="id876933" eventType="touch" pluginPredicateTypeIndex="0" class="Touch">
                  <attributes>
                    <text id="name">default name</text>
                    <index id="conditionType">0</index>
                  </attributes>
                  <predicate type="touch" conditionType="pressed">
                    <attributes />
                  </predicate>
                </condition>
              </conditions>
              <behaviors>
                <behavior id="id467861" class="ChangeSceneAction" enabled="true">
                  <attributes>
                    <text id="name">Change Scene</text>
                    <text id="bundleName">ChangeScene.behavior</text>
                    <text id="sceneKey">next</text>
                    <boolean id="enableAdvertisement">false</boolean>
                  </attributes>
                </behavior>
              </behaviors>
            </behavior>
          </behaviors>
          <aspects>
            <graphics>
              <attributes>
                <integer id="tileWidth" name="tileWidth">0</integer>
                <integer id="tileHeight" name="tileHeight">0</integer>
              </attributes>
            </graphics>
            <motion />
            <physics>
              <attributes />
            </physics>
          </aspects>
        </actor>
        <actor id="id655395" prototype="id912176">
          <attributes>
            <point id="position">
              <real id="x">640</real>
              <real id="y">474</real>
            </point>
            <size id="size">
              <real id="width">710</real>
              <real id="height">402</real>
            </size>
            <angle id="rotation">0</angle>
          </attributes>
          <aspects>
            <graphics>
              <attributes>
                <integer id="tileWidth" name="tileWidth">0</integer>
                <integer id="tileHeight" name="tileHeight">0</integer>
              </attributes>
            </graphics>
            <motion />
            <physics>
              <attributes />
            </physics>
          </aspects>
        </actor>
        <actor id="id666871" prototype="id717650">
          <attributes>
            <point id="position">
              <real id="x">146.055555555556</real>
              <real id="y">351.655836483932</real>
            </point>
            <size id="size">
              <real id="width">206.111111111111</real>
              <real id="height">231.875</real>
            </size>
            <angle id="rotation">0</angle>
          </attributes>
          <aspects>
            <graphics>
              <attributes />
            </graphics>
            <motion />
            <physics>
              <attributes />
            </physics>
          </aspects>
        </actor>
        <actor id="id616477" prototype="id610254">
          <attributes>
            <point id="position">
              <real id="x">1119.38888888889</real>
              <real id="y">367.530836483932</real>
            </point>
            <size id="size">
              <real id="width">230.777777777778</real>
              <real id="height">259.625</real>
            </size>
            <angle id="rotation">0</angle>
          </attributes>
          <aspects>
            <graphics>
              <attributes />
            </graphics>
            <motion />
            <physics>
              <attributes />
            </physics>
          </aspects>
        </actor>
        <actor id="id160247" prototype="id221236">
          <attributes>
            <point id="position">
              <real id="x">640</real>
              <real id="y">69.4405870731023</real>
            </point>
            <size id="size">
              <real id="width">485.625282167046</real>
              <real id="height">242.881174146206</real>
            </size>
            <angle id="rotation">0</angle>
          </attributes>
          <aspects>
            <graphics>
              <attributes />
            </graphics>
            <motion />
            <physics>
              <attributes />
            </physics>
          </aspects>
        </actor>
      </actors>
      <attributes>
        <text id="name">Background</text>
        <boolean id="scrollable">true</boolean>
      </attributes>
    </layer>
  </layers>
  <attributes>
    <text id="name">Home</text>
    <real id="time">0</real>
    <size id="size">
      <real id="width">1280</real>
      <real id="height">800</real>
    </size>
    <boolean id="wrapX">false</boolean>
    <boolean id="wrapY">false</boolean>
    <point id="gravity">
      <real id="x">0</real>
      <real id="y">0</real>
    </point>
    <color id="color">
      <real id="red">0</real>
      <real id="green">0</real>
      <real id="blue">0</real>
      <real id="alpha">1</real>
    </color>
    <rect id="camera">
      <point id="origin">
        <real id="x">0</real>
        <real id="y">0</real>
      </point>
      <size id="size">
        <real id="width">1280</real>
        <real id="height">800</real>
      </size>
      <size id="trackingArea">
        <real id="width">1200</real>
        <real id="height">740</real>
      </size>
      <real id="rotation">0</real>
    </rect>
    <attributes id="autorotate">
      <boolean id="landscapeLeft">true</boolean>
      <boolean id="portrait">false</boolean>
      <boolean id="landscapeRight">false</boolean>
      <boolean id="portraitUpsideDown">false</boolean>
    </attributes>
  </attributes>
</scene>