<?xml version="1.0" encoding="utf-8"?>
<scene PGFVersion="0.19" GSCVersion="0.10.5" id="id855174">
  <layers>
    <layer id="id923205">
      <actors>
        <actor id="id985372" prototype="id672692">
          <attributes>
            <point id="position">
              <real id="x">632</real>
              <real id="y">1125</real>
            </point>
            <size id="size">
              <real id="width">1260</real>
              <real id="height">2272</real>
            </size>
            <angle id="rotation">0</angle>
          </attributes>
          <aspects>
            <graphics>
              <attributes>
                <integer id="tileWidth" name="tileWidth">0</integer>
                <integer id="tileHeight" name="tileHeight">0</integer>
              </attributes>
            </graphics>
            <motion />
            <physics>
              <attributes />
            </physics>
          </aspects>
        </actor>
        <actor id="id275694" prototype="id586765">
          <attributes>
            <point id="position">
              <real id="x">328</real>
              <real id="y">295</real>
            </point>
            <size id="size">
              <real id="width">136</real>
              <real id="height">136</real>
            </size>
            <angle id="rotation">0</angle>
            <text id="name">Actor 3 Copy 31</text>
          </attributes>
          <aspects>
            <graphics>
              <attributes>
                <integer id="tileWidth" name="tileWidth">0</integer>
                <integer id="tileHeight" name="tileHeight">0</integer>
              </attributes>
            </graphics>
            <motion />
            <physics>
              <attributes />
            </physics>
          </aspects>
        </actor>
        <actor id="id830756" prototype="id586765">
          <attributes>
            <point id="position">
              <real id="x">60</real>
              <real id="y">292</real>
            </point>
            <size id="size">
              <real id="width">136</real>
              <real id="height">136</real>
            </size>
            <angle id="rotation">0</angle>
            <text id="name">Actor 3 Copy 31</text>
          </attributes>
          <aspects>
            <graphics>
              <attributes>
                <integer id="tileWidth" name="tileWidth">0</integer>
                <integer id="tileHeight" name="tileHeight">0</integer>
              </attributes>
            </graphics>
            <motion />
            <physics>
              <attributes />
            </physics>
          </aspects>
        </actor>
        <actor id="id874854" prototype="id586765">
          <attributes>
            <point id="position">
              <real id="x">27</real>
              <real id="y">113</real>
            </point>
            <size id="size">
              <real id="width">136</real>
              <real id="height">254</real>
            </size>
            <angle id="rotation">0</angle>
            <text id="name">Actor 3 Copy 31</text>
          </attributes>
          <aspects>
            <graphics>
              <attributes>
                <integer id="tileWidth" name="tileWidth">0</integer>
                <integer id="tileHeight" name="tileHeight">0</integer>
              </attributes>
            </graphics>
            <motion />
            <physics>
              <attributes />
            </physics>
          </aspects>
        </actor>
        <actor id="id251924" prototype="id586765">
          <attributes>
            <point id="position">
              <real id="x">195</real>
              <real id="y">292</real>
            </point>
            <size id="size">
              <real id="width">136</real>
              <real id="height">136</real>
            </size>
            <angle id="rotation">0</angle>
            <text id="name">Actor 3 Copy 31</text>
          </attributes>
          <aspects>
            <graphics>
              <attributes>
                <integer id="tileWidth" name="tileWidth">0</integer>
                <integer id="tileHeight" name="tileHeight">0</integer>
              </attributes>
            </graphics>
            <motion />
            <physics>
              <attributes />
            </physics>
          </aspects>
        </actor>
        <actor id="id302949" prototype="id586765">
          <attributes>
            <point id="position">
              <real id="x">159</real>
              <real id="y">107.5</real>
            </point>
            <size id="size">
              <real id="width">136</real>
              <real id="height">267</real>
            </size>
            <angle id="rotation">0</angle>
            <text id="name">Actor 3 Copy 31</text>
          </attributes>
          <aspects>
            <graphics>
              <attributes>
                <integer id="tileWidth" name="tileWidth">0</integer>
                <integer id="tileHeight" name="tileHeight">0</integer>
              </attributes>
            </graphics>
            <motion />
            <physics>
              <attributes />
            </physics>
          </aspects>
        </actor>
        <actor id="id345146" prototype="id586765">
          <attributes>
            <point id="position">
              <real id="x">459</real>
              <real id="y">292</real>
            </point>
            <size id="size">
              <real id="width">136</real>
              <real id="height">136</real>
            </size>
            <angle id="rotation">0</angle>
            <text id="name">Actor 3 Copy 31</text>
          </attributes>
          <aspects>
            <graphics>
              <attributes>
                <integer id="tileWidth" name="tileWidth">0</integer>
                <integer id="tileHeight" name="tileHeight">0</integer>
              </attributes>
            </graphics>
            <motion />
            <physics>
              <attributes />
            </physics>
          </aspects>
        </actor>
        <actor id="id682821" prototype="id586765">
          <attributes>
            <point id="position">
              <real id="x">281.5</real>
              <real id="y">115</real>
            </point>
            <size id="size">
              <real id="width">133</real>
              <real id="height">256</real>
            </size>
            <angle id="rotation">0</angle>
            <text id="name">Actor 3 Copy 31</text>
          </attributes>
          <aspects>
            <graphics>
              <attributes>
                <integer id="tileWidth" name="tileWidth">0</integer>
                <integer id="tileHeight" name="tileHeight">0</integer>
              </attributes>
            </graphics>
            <motion />
            <physics>
              <attributes />
            </physics>
          </aspects>
        </actor>
        <actor id="id676622" prototype="id586765">
          <attributes>
            <point id="position">
              <real id="x">413</real>
              <real id="y">125.5</real>
            </point>
            <size id="size">
              <real id="width">136</real>
              <real id="height">259</real>
            </size>
            <angle id="rotation">0</angle>
            <text id="name">Actor 3 Copy 31</text>
          </attributes>
          <aspects>
            <graphics>
              <attributes>
                <integer id="tileWidth" name="tileWidth">0</integer>
                <integer id="tileHeight" name="tileHeight">0</integer>
              </attributes>
            </graphics>
            <motion />
            <physics>
              <attributes />
            </physics>
          </aspects>
        </actor>
        <actor id="id847794" prototype="id586765">
          <attributes>
            <point id="position">
              <real id="x">589</real>
              <real id="y">291</real>
            </point>
            <size id="size">
              <real id="width">136</real>
              <real id="height">136</real>
            </size>
            <angle id="rotation">0</angle>
            <text id="name">Actor 3 Copy 31</text>
          </attributes>
          <aspects>
            <graphics>
              <attributes>
                <integer id="tileWidth" name="tileWidth">0</integer>
                <integer id="tileHeight" name="tileHeight">0</integer>
              </attributes>
            </graphics>
            <motion />
            <physics>
              <attributes />
            </physics>
          </aspects>
        </actor>
        <actor id="id596088" prototype="id586765">
          <attributes>
            <point id="position">
              <real id="x">718</real>
              <real id="y">292</real>
            </point>
            <size id="size">
              <real id="width">136</real>
              <real id="height">136</real>
            </size>
            <angle id="rotation">0</angle>
            <text id="name">Actor 3 Copy 31</text>
          </attributes>
          <aspects>
            <graphics>
              <attributes>
                <integer id="tileWidth" name="tileWidth">0</integer>
                <integer id="tileHeight" name="tileHeight">0</integer>
              </attributes>
            </graphics>
            <motion />
            <physics>
              <attributes />
            </physics>
          </aspects>
        </actor>
        <actor id="id625564" prototype="id586765">
          <attributes>
            <point id="position">
              <real id="x">547</real>
              <real id="y">120.5</real>
            </point>
            <size id="size">
              <real id="width">136</real>
              <real id="height">239</real>
            </size>
            <angle id="rotation">0</angle>
            <text id="name">Actor 3 Copy 31</text>
          </attributes>
          <aspects>
            <graphics>
              <attributes>
                <integer id="tileWidth" name="tileWidth">0</integer>
                <integer id="tileHeight" name="tileHeight">0</integer>
              </attributes>
            </graphics>
            <motion />
            <physics>
              <attributes />
            </physics>
          </aspects>
        </actor>
        <actor id="id480502" prototype="id586765">
          <attributes>
            <point id="position">
              <real id="x">682</real>
              <real id="y">120.5</real>
            </point>
            <size id="size">
              <real id="width">136</real>
              <real id="height">240</real>
            </size>
            <angle id="rotation">0</angle>
            <text id="name">Actor 3 Copy 31</text>
          </attributes>
          <aspects>
            <graphics>
              <attributes>
                <integer id="tileWidth" name="tileWidth">0</integer>
                <integer id="tileHeight" name="tileHeight">0</integer>
              </attributes>
            </graphics>
            <motion />
            <physics>
              <attributes />
            </physics>
          </aspects>
        </actor>
        <actor id="id941867" prototype="id586765">
          <attributes>
            <point id="position">
              <real id="x">852</real>
              <real id="y">293</real>
            </point>
            <size id="size">
              <real id="width">136</real>
              <real id="height">136</real>
            </size>
            <angle id="rotation">0</angle>
            <text id="name">Actor 3 Copy 31</text>
          </attributes>
          <aspects>
            <graphics>
              <attributes>
                <integer id="tileWidth" name="tileWidth">0</integer>
                <integer id="tileHeight" name="tileHeight">0</integer>
              </attributes>
            </graphics>
            <motion />
            <physics>
              <attributes />
            </physics>
          </aspects>
        </actor>
        <actor id="id558819" prototype="id586765">
          <attributes>
            <point id="position">
              <real id="x">987</real>
              <real id="y">293</real>
            </point>
            <size id="size">
              <real id="width">136</real>
              <real id="height">136</real>
            </size>
            <angle id="rotation">0</angle>
            <text id="name">Actor 3 Copy 31</text>
          </attributes>
          <aspects>
            <graphics>
              <attributes>
                <integer id="tileWidth" name="tileWidth">0</integer>
                <integer id="tileHeight" name="tileHeight">0</integer>
              </attributes>
            </graphics>
            <motion />
            <physics>
              <attributes />
            </physics>
          </aspects>
        </actor>
        <actor id="id664917" prototype="id586765">
          <attributes>
            <point id="position">
              <real id="x">817</real>
              <real id="y">119.5</real>
            </point>
            <size id="size">
              <real id="width">136</real>
              <real id="height">249</real>
            </size>
            <angle id="rotation">0</angle>
            <text id="name">Actor 3 Copy 31</text>
          </attributes>
          <aspects>
            <graphics>
              <attributes>
                <integer id="tileWidth" name="tileWidth">0</integer>
                <integer id="tileHeight" name="tileHeight">0</integer>
              </attributes>
            </graphics>
            <motion />
            <physics>
              <attributes />
            </physics>
          </aspects>
        </actor>
        <actor id="id781247" prototype="id586765">
          <attributes>
            <point id="position">
              <real id="x">951</real>
              <real id="y">121.5</real>
            </point>
            <size id="size">
              <real id="width">136</real>
              <real id="height">249</real>
            </size>
            <angle id="rotation">0</angle>
            <text id="name">Actor 3 Copy 31</text>
          </attributes>
          <aspects>
            <graphics>
              <attributes>
                <integer id="tileWidth" name="tileWidth">0</integer>
                <integer id="tileHeight" name="tileHeight">0</integer>
              </attributes>
            </graphics>
            <motion />
            <physics>
              <attributes />
            </physics>
          </aspects>
        </actor>
        <actor id="id848294" prototype="id586765">
          <attributes>
            <point id="position">
              <real id="x">1253</real>
              <real id="y">296</real>
            </point>
            <size id="size">
              <real id="width">136</real>
              <real id="height">136</real>
            </size>
            <angle id="rotation">0</angle>
            <text id="name">Actor 3 Copy 31</text>
          </attributes>
          <aspects>
            <graphics>
              <attributes>
                <integer id="tileWidth" name="tileWidth">0</integer>
                <integer id="tileHeight" name="tileHeight">0</integer>
              </attributes>
            </graphics>
            <motion />
            <physics>
              <attributes />
            </physics>
          </aspects>
        </actor>
        <actor id="id557580" prototype="id586765">
          <attributes>
            <point id="position">
              <real id="x">1119</real>
              <real id="y">291</real>
            </point>
            <size id="size">
              <real id="width">136</real>
              <real id="height">136</real>
            </size>
            <angle id="rotation">0</angle>
            <text id="name">Actor 3 Copy 31</text>
          </attributes>
          <aspects>
            <graphics>
              <attributes>
                <integer id="tileWidth" name="tileWidth">0</integer>
                <integer id="tileHeight" name="tileHeight">0</integer>
              </attributes>
            </graphics>
            <motion />
            <physics>
              <attributes />
            </physics>
          </aspects>
        </actor>
        <actor id="id279655" prototype="id586765">
          <attributes>
            <point id="position">
              <real id="x">1057</real>
              <real id="y">107</real>
            </point>
            <size id="size">
              <real id="width">136</real>
              <real id="height">280</real>
            </size>
            <angle id="rotation">0</angle>
            <text id="name">Actor 3 Copy 31</text>
          </attributes>
          <aspects>
            <graphics>
              <attributes>
                <integer id="tileWidth" name="tileWidth">0</integer>
                <integer id="tileHeight" name="tileHeight">0</integer>
              </attributes>
            </graphics>
            <motion />
            <physics>
              <attributes />
            </physics>
          </aspects>
        </actor>
        <actor id="id719851" prototype="id586765">
          <attributes>
            <point id="position">
              <real id="x">1189</real>
              <real id="y">120</real>
            </point>
            <size id="size">
              <real id="width">136</real>
              <real id="height">260</real>
            </size>
            <angle id="rotation">0</angle>
            <text id="name">Actor 3 Copy 31</text>
          </attributes>
          <aspects>
            <graphics>
              <attributes>
                <integer id="tileWidth" name="tileWidth">0</integer>
                <integer id="tileHeight" name="tileHeight">0</integer>
              </attributes>
            </graphics>
            <motion />
            <physics>
              <attributes />
            </physics>
          </aspects>
        </actor>
      </actors>
      <attributes>
        <text id="name">Layer 1</text>
        <boolean id="scrollable">true</boolean>
      </attributes>
    </layer>
    <layer id="id143648">
      <actors>
        <actor id="id667885" prototype="id756802">
          <attributes>
            <point id="position">
              <real id="x">1196</real>
              <real id="y">574</real>
            </point>
            <size id="size">
              <real id="width">128</real>
              <real id="height">89</real>
            </size>
            <angle id="rotation">0</angle>
            <text id="name">Rock Copy 2</text>
          </attributes>
          <aspects>
            <graphics>
              <attributes>
                <enumeration id="verticalWrap">0</enumeration>
                <boolean id="flipVertically">false</boolean>
                <boolean id="flipHorizontally">true</boolean>
                <integer id="tileWidth" name="tileWidth">0</integer>
                <integer id="tileHeight" name="tileHeight">0</integer>
              </attributes>
            </graphics>
            <motion />
            <physics>
              <attributes />
            </physics>
          </aspects>
        </actor>
        <actor id="id544015" prototype="id432069">
          <attributes>
            <point id="position">
              <real id="x">270.861592245352</real>
              <real id="y">79.0743801652895</real>
            </point>
            <size id="size">
              <real id="width">70.8522167487683</real>
              <real id="height">71.3206611570246</real>
            </size>
            <angle id="rotation">0</angle>
          </attributes>
          <aspects>
            <graphics>
              <attributes>
                <integer id="tileWidth" name="tileWidth">0</integer>
                <integer id="tileHeight" name="tileHeight">0</integer>
              </attributes>
            </graphics>
            <motion />
            <physics>
              <attributes>
                <enumeration id="collisionShape">1</enumeration>
              </attributes>
            </physics>
          </aspects>
        </actor>
        <actor id="id642326" prototype="id461026">
          <attributes>
            <point id="position">
              <real id="x">684.328382894268</real>
              <real id="y">468.08100795576</real>
            </point>
            <size id="size">
              <real id="width">65.9093484419264</real>
              <real id="height">139.317365269461</real>
            </size>
            <angle id="rotation">0</angle>
          </attributes>
          <aspects>
            <graphics>
              <attributes>
                <integer id="tileWidth" name="tileWidth">0</integer>
                <integer id="tileHeight" name="tileHeight">0</integer>
              </attributes>
            </graphics>
            <motion />
            <physics>
              <attributes />
            </physics>
          </aspects>
        </actor>
        <actor id="id168295" prototype="id951630">
          <attributes>
            <point id="position">
              <real id="x">1160</real>
              <real id="y">44</real>
            </point>
            <size id="size">
              <real id="width">250</real>
              <real id="height">70</real>
            </size>
            <angle id="rotation">0</angle>
          </attributes>
          <aspects>
            <graphics>
              <attributes>
                <integer id="tileWidth" name="tileWidth">0</integer>
                <integer id="tileHeight" name="tileHeight">0</integer>
              </attributes>
            </graphics>
            <motion />
            <physics>
              <attributes />
            </physics>
          </aspects>
        </actor>
        <actor id="id552960" prototype="id316260">
          <attributes>
            <point id="position">
              <real id="x">569</real>
              <real id="y">44</real>
            </point>
            <size id="size">
              <real id="width">700</real>
              <real id="height">70</real>
            </size>
            <angle id="rotation">0</angle>
          </attributes>
          <aspects>
            <graphics>
              <attributes>
                <integer id="tileWidth" name="tileWidth">0</integer>
                <integer id="tileHeight" name="tileHeight">0</integer>
              </attributes>
            </graphics>
            <motion />
            <physics>
              <attributes />
            </physics>
          </aspects>
        </actor>
        <actor id="id999919" prototype="id316260">
          <attributes>
            <point id="position">
              <real id="x">121</real>
              <real id="y">44</real>
            </point>
            <size id="size">
              <real id="width">700</real>
              <real id="height">70</real>
            </size>
            <angle id="rotation">0</angle>
          </attributes>
          <aspects>
            <graphics>
              <attributes>
                <integer id="tileWidth" name="tileWidth">0</integer>
                <integer id="tileHeight" name="tileHeight">0</integer>
              </attributes>
            </graphics>
            <motion />
            <physics>
              <attributes />
            </physics>
          </aspects>
        </actor>
        <actor id="id385531" prototype="id316260">
          <attributes>
            <point id="position">
              <real id="x">755</real>
              <real id="y">366</real>
            </point>
            <size id="size">
              <real id="width">700</real>
              <real id="height">70</real>
            </size>
            <angle id="rotation">0</angle>
          </attributes>
          <aspects>
            <graphics>
              <attributes>
                <integer id="tileWidth" name="tileWidth">0</integer>
                <integer id="tileHeight" name="tileHeight">0</integer>
              </attributes>
            </graphics>
            <motion />
            <physics>
              <attributes />
            </physics>
          </aspects>
        </actor>
        <actor id="id917756" prototype="id316260">
          <attributes>
            <point id="position">
              <real id="x">92</real>
              <real id="y">366</real>
            </point>
            <size id="size">
              <real id="width">700</real>
              <real id="height">70</real>
            </size>
            <angle id="rotation">0</angle>
            <image id="image">platform</image>
          </attributes>
          <aspects>
            <graphics>
              <attributes>
                <integer id="tileWidth" name="tileWidth">0</integer>
                <integer id="tileHeight" name="tileHeight">0</integer>
              </attributes>
            </graphics>
            <motion />
            <physics>
              <attributes />
            </physics>
          </aspects>
        </actor>
        <actor id="id356215" prototype="id951630">
          <attributes>
            <point id="position">
              <real id="x">1155</real>
              <real id="y">365</real>
            </point>
            <size id="size">
              <real id="width">250</real>
              <real id="height">70</real>
            </size>
            <angle id="rotation">0</angle>
          </attributes>
          <aspects>
            <graphics>
              <attributes>
                <integer id="tileWidth" name="tileWidth">0</integer>
                <integer id="tileHeight" name="tileHeight">0</integer>
              </attributes>
            </graphics>
            <motion />
            <physics>
              <attributes />
            </physics>
          </aspects>
        </actor>
        <actor id="id902809" prototype="id699565">
          <attributes>
            <point id="position">
              <real id="x">1273.5</real>
              <real id="y">402.5</real>
            </point>
            <size id="size">
              <real id="width">53</real>
              <real id="height">805</real>
            </size>
            <angle id="rotation">0</angle>
          </attributes>
          <aspects>
            <graphics>
              <attributes>
                <integer id="tileWidth" name="tileWidth">0</integer>
                <integer id="tileHeight" name="tileHeight">0</integer>
              </attributes>
            </graphics>
            <motion />
            <physics>
              <attributes />
            </physics>
          </aspects>
        </actor>
        <actor id="id997225" prototype="id128994">
          <attributes>
            <point id="position">
              <real id="x">664</real>
              <real id="y">-17</real>
            </point>
            <size id="size">
              <real id="width">1200</real>
              <real id="height">40</real>
            </size>
            <angle id="rotation">0</angle>
          </attributes>
          <aspects>
            <graphics>
              <attributes>
                <integer id="tileWidth" name="tileWidth">0</integer>
                <integer id="tileHeight" name="tileHeight">0</integer>
              </attributes>
            </graphics>
            <motion />
            <physics>
              <attributes>
                <real id="restitution">0</real>
                <boolean id="movable">false</boolean>
                <boolean id="fixedRotation">true</boolean>
              </attributes>
            </physics>
          </aspects>
        </actor>
        <actor id="id550630" prototype="id885375">
          <attributes>
            <point id="position">
              <real id="x">976</real>
              <real id="y">73</real>
            </point>
            <size id="size">
              <real id="width">120</real>
              <real id="height">10</real>
            </size>
            <angle id="rotation">0</angle>
            <color id="color">
              <real id="red">0.572549019607843</real>
              <real id="green">0.32156862745098</real>
              <real id="blue">0.0274509803921569</real>
              <real id="alpha">1</real>
            </color>
          </attributes>
          <behaviors>
            <behavior id="id359748" class="RuleBehavior" enabled="true">
              <attributes>
                <text id="name">Rule</text>
                <text id="bundleName">Rule.behavior</text>
                <real id="compoundConditionKind">0</real>
              </attributes>
              <conditions>
                <condition id="id300822" eventType="touch" pluginPredicateTypeIndex="0" class="Touch">
                  <attributes>
                    <text id="name">default name</text>
                    <index id="conditionType">0</index>
                  </attributes>
                  <predicate type="touch" conditionType="pressed">
                    <attributes />
                  </predicate>
                </condition>
                <condition id="id746626" eventType="mouse position" pluginPredicateTypeIndex="0" class="AttributeCondition">
                  <attributes>
                    <index id="conditionType">1</index>
                    <text id="subjectAttribute">game.attributes.id690270</text>
                    <text id="name">default name</text>
                  </attributes>
                  <predicate type="boolean">
                    <attributes>
                      <index id="RHS">0</index>
                    </attributes>
                  </predicate>
                </condition>
              </conditions>
              <behaviors>
                <behavior id="id942994" class="ChangeAttributeAction" enabled="true">
                  <attributes>
                    <text id="name">Change Attribute</text>
                    <text id="bundleName">ChangeAttribute.behavior</text>
                    <text id="targetAttribute">game.attributes.id690270</text>
                    <text id="RHS">1</text>
                  </attributes>
                </behavior>
                <behavior id="id520022" class="InterpolateBehavior" enabled="true">
                  <attributes>
                    <text id="name">Interpolate</text>
                    <text id="bundleName">Interpolate.behavior</text>
                    <boolean id="runToCompletion">true</boolean>
                    <text id="targetAttribute">self.attributes.rotation</text>
                    <real id="finalValue">90</real>
                    <real id="duration">1</real>
                    <index id="easing">0</index>
                  </attributes>
                </behavior>
                <behavior id="id951630" class="InterpolateBehavior" enabled="true">
                  <attributes>
                    <text id="name">Interpolate</text>
                    <text id="bundleName">Interpolate.behavior</text>
                    <boolean id="runToCompletion">true</boolean>
                    <text id="targetAttribute">self.attributes.position.x</text>
                    <real id="finalValue">1045</real>
                    <real id="duration">1</real>
                    <index id="easing">0</index>
                  </attributes>
                </behavior>
                <behavior id="id174011" class="InterpolateBehavior" enabled="true">
                  <attributes>
                    <text id="name">Interpolate</text>
                    <text id="bundleName">Interpolate.behavior</text>
                    <boolean id="runToCompletion">true</boolean>
                    <text id="targetAttribute">self.attributes.position.y</text>
                    <real id="finalValue">30</real>
                    <real id="duration">1</real>
                    <index id="easing">0</index>
                  </attributes>
                </behavior>
                <behavior id="id935631" class="TimerBehavior" enabled="true">
                  <attributes>
                    <text id="name">Timer</text>
                    <text id="bundleName">Timer.behavior</text>
                    <index id="timerType">1</index>
                    <real id="interval">2</real>
                    <boolean id="runToCompletion">true</boolean>
                  </attributes>
                  <behaviors>
                    <behavior id="id143073" class="InterpolateBehavior" enabled="true">
                      <attributes>
                        <text id="name">Interpolate</text>
                        <text id="bundleName">Interpolate.behavior</text>
                        <boolean id="runToCompletion">true</boolean>
                        <text id="targetAttribute">self.attributes.rotation</text>
                        <real id="finalValue">0</real>
                        <real id="duration">1</real>
                        <index id="easing">0</index>
                      </attributes>
                    </behavior>
                    <behavior id="id274525" class="InterpolateBehavior" enabled="true">
                      <attributes>
                        <text id="name">Interpolate</text>
                        <text id="bundleName">Interpolate.behavior</text>
                        <boolean id="runToCompletion">true</boolean>
                        <text id="targetAttribute">self.attributes.position.x</text>
                        <real id="finalValue">986</real>
                        <real id="duration">1</real>
                        <index id="easing">0</index>
                      </attributes>
                    </behavior>
                    <behavior id="id851887" class="InterpolateBehavior" enabled="true">
                      <attributes>
                        <text id="name">Interpolate</text>
                        <text id="bundleName">Interpolate.behavior</text>
                        <boolean id="runToCompletion">true</boolean>
                        <text id="targetAttribute">self.attributes.position.y</text>
                        <real id="finalValue">73</real>
                        <real id="duration">1</real>
                        <index id="easing">0</index>
                      </attributes>
                    </behavior>
                  </behaviors>
                </behavior>
                <behavior id="id100427" class="TimerBehavior" enabled="true">
                  <attributes>
                    <text id="name">Timer</text>
                    <text id="bundleName">Timer.behavior</text>
                    <index id="timerType">1</index>
                    <real id="interval">3</real>
                    <boolean id="runToCompletion">true</boolean>
                  </attributes>
                  <behaviors>
                    <behavior id="id967644" class="ChangeAttributeAction" enabled="true">
                      <attributes>
                        <text id="name">Change Attribute</text>
                        <text id="bundleName">ChangeAttribute.behavior</text>
                        <text id="targetAttribute">game.attributes.id690270</text>
                        <text id="RHS">0</text>
                      </attributes>
                    </behavior>
                  </behaviors>
                </behavior>
              </behaviors>
            </behavior>
          </behaviors>
          <aspects>
            <graphics>
              <attributes>
                <integer id="tileWidth" name="tileWidth">0</integer>
                <integer id="tileHeight" name="tileHeight">0</integer>
              </attributes>
            </graphics>
            <motion />
            <physics>
              <attributes />
            </physics>
          </aspects>
        </actor>
        <actor id="id753351" prototype="id168069">
          <attributes>
            <point id="position">
              <real id="x">1180.29569892473</real>
              <real id="y">552.456730769231</real>
            </point>
            <size id="size">
              <real id="width">90.5913978494623</real>
              <real id="height">81.0096153846154</real>
            </size>
            <angle id="rotation">-180</angle>
          </attributes>
          <aspects>
            <graphics>
              <attributes>
                <boolean id="flipHorizontally">false</boolean>
                <integer id="tileWidth" name="tileWidth">0</integer>
                <integer id="tileHeight" name="tileHeight">0</integer>
              </attributes>
            </graphics>
            <motion />
            <physics>
              <attributes />
            </physics>
          </aspects>
        </actor>
        <actor id="id844352" prototype="id464529">
          <attributes>
            <point id="position">
              <real id="x">155.385507167471</real>
              <real id="y">766.897738878222</real>
            </point>
            <size id="size">
              <real id="width">68.992864424057</real>
              <real id="height">371.879120879121</real>
            </size>
            <angle id="rotation">0</angle>
          </attributes>
          <aspects>
            <graphics>
              <attributes>
                <integer id="tileWidth" name="tileWidth">0</integer>
                <integer id="tileHeight" name="tileHeight">0</integer>
              </attributes>
            </graphics>
            <motion />
            <physics>
              <attributes />
            </physics>
          </aspects>
        </actor>
        <actor id="id205314" prototype="id756802">
          <attributes>
            <point id="position">
              <real id="x">105.5</real>
              <real id="y">765</real>
            </point>
            <size id="size">
              <real id="width">265</real>
              <real id="height">152</real>
            </size>
            <angle id="rotation">0</angle>
          </attributes>
          <aspects>
            <graphics>
              <attributes>
                <integer id="tileWidth" name="tileWidth">0</integer>
                <integer id="tileHeight" name="tileHeight">0</integer>
              </attributes>
            </graphics>
            <motion />
            <physics>
              <attributes />
            </physics>
          </aspects>
        </actor>
        <actor id="id265183" prototype="id741124">
          <attributes>
            <point id="position">
              <real id="x">35</real>
              <real id="y">772</real>
            </point>
            <size id="size">
              <real id="width">30.0056122526579</real>
              <real id="height">30.6379310344828</real>
            </size>
            <angle id="rotation">0</angle>
            <text id="name">Hearts Copy 1</text>
          </attributes>
          <behaviors>
            <behavior id="id298256" class="RuleBehavior" enabled="true">
              <attributes>
                <text id="name">Rule</text>
                <text id="bundleName">Rule.behavior</text>
                <real id="compoundConditionKind">0</real>
              </attributes>
              <conditions>
                <condition id="id484172" eventType="mouse position" pluginPredicateTypeIndex="0" class="AttributeCondition">
                  <attributes>
                    <index id="conditionType">1</index>
                    <text id="subjectAttribute">game.attributes.id686833</text>
                    <text id="name">default name</text>
                  </attributes>
                  <predicate type="number">
                    <attributes>
                      <text id="operator">=</text>
                      <real id="RHS">1</real>
                    </attributes>
                  </predicate>
                </condition>
              </conditions>
              <behaviors>
                <behavior id="id367274" class="ChangeImageAction" enabled="true">
                  <attributes>
                    <text id="name">Change Image</text>
                    <text id="bundleName">ChangeImage.behavior</text>
                    <image id="image">lives-dead</image>
                  </attributes>
                </behavior>
              </behaviors>
            </behavior>
          </behaviors>
          <aspects>
            <graphics>
              <attributes>
                <integer id="tileWidth" name="tileWidth">0</integer>
                <integer id="tileHeight" name="tileHeight">0</integer>
              </attributes>
            </graphics>
            <motion />
            <physics>
              <attributes />
            </physics>
          </aspects>
        </actor>
        <actor id="id702020" prototype="id741124">
          <attributes>
            <point id="position">
              <real id="x">65</real>
              <real id="y">771.818965517241</real>
            </point>
            <size id="size">
              <real id="width">30.0056122526579</real>
              <real id="height">30.6379310344828</real>
            </size>
            <angle id="rotation">0</angle>
          </attributes>
          <behaviors>
            <behavior id="id316571" class="RuleBehavior" enabled="true">
              <attributes>
                <text id="name">Rule</text>
                <text id="bundleName">Rule.behavior</text>
                <real id="compoundConditionKind">0</real>
              </attributes>
              <conditions>
                <condition id="id541078" eventType="mouse position" pluginPredicateTypeIndex="0" class="AttributeCondition">
                  <attributes>
                    <index id="conditionType">1</index>
                    <text id="subjectAttribute">game.attributes.id686833</text>
                    <text id="name">default name</text>
                  </attributes>
                  <predicate type="number">
                    <attributes>
                      <text id="operator">=</text>
                      <real id="RHS">2</real>
                    </attributes>
                  </predicate>
                </condition>
              </conditions>
              <behaviors>
                <behavior id="id758521" class="ChangeImageAction" enabled="true">
                  <attributes>
                    <text id="name">Change Image</text>
                    <text id="bundleName">ChangeImage.behavior</text>
                    <image id="image">lives-dead</image>
                  </attributes>
                </behavior>
              </behaviors>
            </behavior>
          </behaviors>
          <aspects>
            <graphics>
              <attributes>
                <integer id="tileWidth" name="tileWidth">0</integer>
                <integer id="tileHeight" name="tileHeight">0</integer>
              </attributes>
            </graphics>
            <motion />
            <physics>
              <attributes />
            </physics>
          </aspects>
        </actor>
        <actor id="id141532" prototype="id741124">
          <attributes>
            <point id="position">
              <real id="x">95</real>
              <real id="y">772</real>
            </point>
            <size id="size">
              <real id="width">30</real>
              <real id="height">31</real>
            </size>
            <angle id="rotation">0</angle>
          </attributes>
          <behaviors>
            <behavior id="id260138" class="RuleBehavior" enabled="true">
              <attributes>
                <text id="name">Rule</text>
                <text id="bundleName">Rule.behavior</text>
                <real id="compoundConditionKind">0</real>
              </attributes>
              <conditions>
                <condition id="id299872" eventType="mouse position" pluginPredicateTypeIndex="0" class="AttributeCondition">
                  <attributes>
                    <index id="conditionType">1</index>
                    <text id="subjectAttribute">game.attributes.id686833</text>
                    <text id="name">default name</text>
                  </attributes>
                  <predicate type="number">
                    <attributes>
                      <text id="operator">=</text>
                      <real id="RHS">3</real>
                    </attributes>
                  </predicate>
                </condition>
              </conditions>
              <behaviors>
                <behavior id="id868882" class="ChangeImageAction" enabled="true">
                  <attributes>
                    <text id="name">Change Image</text>
                    <text id="bundleName">ChangeImage.behavior</text>
                    <image id="image">lives-dead</image>
                  </attributes>
                </behavior>
              </behaviors>
            </behavior>
          </behaviors>
          <aspects>
            <graphics>
              <attributes>
                <integer id="tileWidth" name="tileWidth">0</integer>
                <integer id="tileHeight" name="tileHeight">0</integer>
              </attributes>
            </graphics>
            <motion />
            <physics>
              <attributes />
            </physics>
          </aspects>
        </actor>
        <actor id="id836498" prototype="id690080">
          <attributes>
            <point id="position">
              <real id="x">643.5</real>
              <real id="y">-2</real>
            </point>
            <size id="size">
              <real id="width">1280</real>
              <real id="height">130</real>
            </size>
            <angle id="rotation">0</angle>
            <text id="name">Water Copy 1</text>
          </attributes>
          <aspects>
            <graphics>
              <attributes>
                <integer id="tileWidth" name="tileWidth">0</integer>
                <integer id="tileHeight" name="tileHeight">0</integer>
              </attributes>
            </graphics>
            <motion />
            <physics>
              <attributes />
            </physics>
          </aspects>
        </actor>
        <actor id="id707327" prototype="id379056">
          <attributes>
            <point id="position">
              <real id="x">640</real>
              <real id="y">770</real>
            </point>
            <size id="size">
              <real id="width">222</real>
              <real id="height">120</real>
            </size>
            <angle id="rotation">0</angle>
            <color id="color">
              <real id="alpha">0</real>
            </color>
          </attributes>
          <behaviors>
            <behavior id="id994933" class="DisplayTextBehavior" enabled="true">
              <attributes>
                <text id="name">Display Text</text>
                <text id="bundleName">DisplayText.behavior</text>
                <text id="text">Level 1</text>
                <text id="font">Arial</text>
                <real id="size">40</real>
                <index id="alignment">1</index>
                <boolean id="wrap">false</boolean>
                <color id="color">
                  <real id="red">0.274509803921569</real>
                  <real id="green">0</real>
                  <real id="blue">0.443137254901961</real>
                  <real id="alpha">1</real>
                </color>
              </attributes>
            </behavior>
          </behaviors>
          <aspects>
            <graphics>
              <attributes>
                <integer id="tileWidth" name="tileWidth">0</integer>
                <integer id="tileHeight" name="tileHeight">0</integer>
              </attributes>
            </graphics>
            <motion />
            <physics>
              <attributes />
            </physics>
          </aspects>
        </actor>
      </actors>
      <attributes>
        <text id="name">Background</text>
        <boolean id="scrollable">true</boolean>
      </attributes>
    </layer>
  </layers>
  <attributes>
    <text id="name">Level 1</text>
    <real id="time">0</real>
    <size id="size">
      <real id="width">1280</real>
      <real id="height">800</real>
    </size>
    <boolean id="wrapX">false</boolean>
    <boolean id="wrapY">false</boolean>
    <point id="gravity">
      <real id="x">0</real>
      <real id="y">0</real>
    </point>
    <color id="color">
      <real id="red">0</real>
      <real id="green">0</real>
      <real id="blue">0</real>
      <real id="alpha">0</real>
    </color>
    <rect id="camera">
      <point id="origin">
        <real id="x">0</real>
        <real id="y">0</real>
      </point>
      <size id="size">
        <real id="width">1280</real>
        <real id="height">800</real>
      </size>
      <size id="trackingArea">
        <real id="width">1200</real>
        <real id="height">740</real>
      </size>
      <real id="rotation">0</real>
    </rect>
    <attributes id="autorotate">
      <boolean id="landscapeLeft">true</boolean>
      <boolean id="portrait">false</boolean>
      <boolean id="landscapeRight">false</boolean>
      <boolean id="portraitUpsideDown">false</boolean>
    </attributes>
  </attributes>
</scene>