<?xml version="1.0" encoding="utf-8"?>
<scene PGFVersion="0.19" GSCVersion="0.10.5" id="id627605">
  <layers>
    <layer id="id536899">
      <actors>
        <actor id="id987908" prototype="id672692">
          <attributes>
            <point id="position">
              <real id="x">610</real>
              <real id="y">1154</real>
            </point>
            <size id="size">
              <real id="width">1280</real>
              <real id="height">2400</real>
            </size>
            <angle id="rotation">0</angle>
          </attributes>
          <aspects>
            <graphics>
              <attributes>
                <integer id="tileWidth" name="tileWidth">0</integer>
                <integer id="tileHeight" name="tileHeight">0</integer>
              </attributes>
            </graphics>
            <motion />
            <physics>
              <attributes />
            </physics>
          </aspects>
        </actor>
      </actors>
      <attributes>
        <text id="name">Layer 1</text>
        <boolean id="scrollable">true</boolean>
      </attributes>
    </layer>
    <layer id="id508730">
      <actors>
        <actor id="id249292" prototype="id379056">
          <attributes>
            <point id="position">
              <real id="x">643</real>
              <real id="y">770</real>
            </point>
            <size id="size">
              <real id="width">222</real>
              <real id="height">120</real>
            </size>
            <angle id="rotation">0</angle>
            <color id="color">
              <real id="alpha">0</real>
            </color>
            <text id="name">Level Number Copy 2</text>
          </attributes>
          <behaviors>
            <behavior id="id307849" class="DisplayTextBehavior" enabled="true">
              <attributes>
                <text id="name">Display Text</text>
                <text id="bundleName">DisplayText.behavior</text>
                <text id="text">Level 3</text>
                <text id="font">Arial</text>
                <real id="size">40</real>
                <index id="alignment">1</index>
                <boolean id="wrap">false</boolean>
                <color id="color">
                  <real id="red">0.274509803921569</real>
                  <real id="green">0</real>
                  <real id="blue">0.443137254901961</real>
                  <real id="alpha">1</real>
                </color>
              </attributes>
            </behavior>
          </behaviors>
          <aspects>
            <graphics>
              <attributes>
                <integer id="tileWidth" name="tileWidth">0</integer>
                <integer id="tileHeight" name="tileHeight">0</integer>
              </attributes>
            </graphics>
            <motion />
            <physics>
              <attributes />
            </physics>
          </aspects>
        </actor>
        <actor id="id162210" prototype="id586765">
          <attributes>
            <point id="position">
              <real id="x">1236</real>
              <real id="y">-13</real>
            </point>
            <size id="size">
              <real id="width">136</real>
              <real id="height">136</real>
            </size>
            <angle id="rotation">0</angle>
            <text id="name">Actor 3 Copy 30</text>
          </attributes>
          <aspects>
            <graphics>
              <attributes>
                <integer id="tileWidth" name="tileWidth">0</integer>
                <integer id="tileHeight" name="tileHeight">0</integer>
              </attributes>
            </graphics>
            <motion />
            <physics>
              <attributes />
            </physics>
          </aspects>
        </actor>
        <actor id="id827486" prototype="id586765">
          <attributes>
            <point id="position">
              <real id="x">1117</real>
              <real id="y">-13</real>
            </point>
            <size id="size">
              <real id="width">136</real>
              <real id="height">136</real>
            </size>
            <angle id="rotation">0</angle>
            <text id="name">Actor 3 Copy 29</text>
          </attributes>
          <aspects>
            <graphics>
              <attributes>
                <integer id="tileWidth" name="tileWidth">0</integer>
                <integer id="tileHeight" name="tileHeight">0</integer>
              </attributes>
            </graphics>
            <motion />
            <physics>
              <attributes />
            </physics>
          </aspects>
        </actor>
        <actor id="id393063" prototype="id586765">
          <attributes>
            <point id="position">
              <real id="x">985</real>
              <real id="y">17</real>
            </point>
            <size id="size">
              <real id="width">136</real>
              <real id="height">136</real>
            </size>
            <angle id="rotation">0</angle>
            <text id="name">Actor 3 Copy 28</text>
          </attributes>
          <aspects>
            <graphics>
              <attributes>
                <integer id="tileWidth" name="tileWidth">0</integer>
                <integer id="tileHeight" name="tileHeight">0</integer>
              </attributes>
            </graphics>
            <motion />
            <physics>
              <attributes />
            </physics>
          </aspects>
        </actor>
        <actor id="id940883" prototype="id586765">
          <attributes>
            <point id="position">
              <real id="x">862</real>
              <real id="y">-11</real>
            </point>
            <size id="size">
              <real id="width">136</real>
              <real id="height">136</real>
            </size>
            <angle id="rotation">0</angle>
            <text id="name">Actor 3 Copy 27</text>
          </attributes>
          <aspects>
            <graphics>
              <attributes>
                <integer id="tileWidth" name="tileWidth">0</integer>
                <integer id="tileHeight" name="tileHeight">0</integer>
              </attributes>
            </graphics>
            <motion />
            <physics>
              <attributes />
            </physics>
          </aspects>
        </actor>
        <actor id="id965540" prototype="id586765">
          <attributes>
            <point id="position">
              <real id="x">726</real>
              <real id="y">-12</real>
            </point>
            <size id="size">
              <real id="width">136</real>
              <real id="height">136</real>
            </size>
            <angle id="rotation">0</angle>
            <text id="name">Actor 3 Copy 26</text>
          </attributes>
          <aspects>
            <graphics>
              <attributes>
                <integer id="tileWidth" name="tileWidth">0</integer>
                <integer id="tileHeight" name="tileHeight">0</integer>
              </attributes>
            </graphics>
            <motion />
            <physics>
              <attributes />
            </physics>
          </aspects>
        </actor>
        <actor id="id330125" prototype="id586765">
          <attributes>
            <point id="position">
              <real id="x">591</real>
              <real id="y">-12</real>
            </point>
            <size id="size">
              <real id="width">136</real>
              <real id="height">136</real>
            </size>
            <angle id="rotation">0</angle>
            <text id="name">Actor 3 Copy 25</text>
          </attributes>
          <aspects>
            <graphics>
              <attributes>
                <integer id="tileWidth" name="tileWidth">0</integer>
                <integer id="tileHeight" name="tileHeight">0</integer>
              </attributes>
            </graphics>
            <motion />
            <physics>
              <attributes />
            </physics>
          </aspects>
        </actor>
        <actor id="id155323" prototype="id586765">
          <attributes>
            <point id="position">
              <real id="x">456</real>
              <real id="y">-12</real>
            </point>
            <size id="size">
              <real id="width">136</real>
              <real id="height">136</real>
            </size>
            <angle id="rotation">0</angle>
            <text id="name">Actor 3 Copy 24</text>
          </attributes>
          <aspects>
            <graphics>
              <attributes>
                <integer id="tileWidth" name="tileWidth">0</integer>
                <integer id="tileHeight" name="tileHeight">0</integer>
              </attributes>
            </graphics>
            <motion />
            <physics>
              <attributes />
            </physics>
          </aspects>
        </actor>
        <actor id="id806441" prototype="id586765">
          <attributes>
            <point id="position">
              <real id="x">322</real>
              <real id="y">-12</real>
            </point>
            <size id="size">
              <real id="width">136</real>
              <real id="height">136</real>
            </size>
            <angle id="rotation">0</angle>
            <text id="name">Actor 3 Copy 23</text>
          </attributes>
          <aspects>
            <graphics>
              <attributes>
                <integer id="tileWidth" name="tileWidth">0</integer>
                <integer id="tileHeight" name="tileHeight">0</integer>
              </attributes>
            </graphics>
            <motion />
            <physics>
              <attributes />
            </physics>
          </aspects>
        </actor>
        <actor id="id417961" prototype="id586765">
          <attributes>
            <point id="position">
              <real id="x">187</real>
              <real id="y">-13</real>
            </point>
            <size id="size">
              <real id="width">136</real>
              <real id="height">136</real>
            </size>
            <angle id="rotation">0</angle>
            <text id="name">Actor 3 Copy 22</text>
          </attributes>
          <aspects>
            <graphics>
              <attributes>
                <integer id="tileWidth" name="tileWidth">0</integer>
                <integer id="tileHeight" name="tileHeight">0</integer>
              </attributes>
            </graphics>
            <motion />
            <physics>
              <attributes />
            </physics>
          </aspects>
        </actor>
        <actor id="id382725" prototype="id586765">
          <attributes>
            <point id="position">
              <real id="x">52</real>
              <real id="y">-13</real>
            </point>
            <size id="size">
              <real id="width">136</real>
              <real id="height">136</real>
            </size>
            <angle id="rotation">0</angle>
            <text id="name">Actor 3 Copy 21</text>
          </attributes>
          <aspects>
            <graphics>
              <attributes>
                <integer id="tileWidth" name="tileWidth">0</integer>
                <integer id="tileHeight" name="tileHeight">0</integer>
              </attributes>
            </graphics>
            <motion />
            <physics>
              <attributes />
            </physics>
          </aspects>
        </actor>
        <actor id="id933008" prototype="id586765">
          <attributes>
            <point id="position">
              <real id="x">1233</real>
              <real id="y">143</real>
            </point>
            <size id="size">
              <real id="width">136</real>
              <real id="height">136</real>
            </size>
            <angle id="rotation">0</angle>
            <text id="name">Actor 3 Copy 20</text>
          </attributes>
          <aspects>
            <graphics>
              <attributes>
                <integer id="tileWidth" name="tileWidth">0</integer>
                <integer id="tileHeight" name="tileHeight">0</integer>
              </attributes>
            </graphics>
            <motion />
            <physics>
              <attributes />
            </physics>
          </aspects>
        </actor>
        <actor id="id182121" prototype="id586765">
          <attributes>
            <point id="position">
              <real id="x">1114</real>
              <real id="y">142</real>
            </point>
            <size id="size">
              <real id="width">136</real>
              <real id="height">136</real>
            </size>
            <angle id="rotation">0</angle>
            <text id="name">Actor 3 Copy 19</text>
          </attributes>
          <aspects>
            <graphics>
              <attributes>
                <integer id="tileWidth" name="tileWidth">0</integer>
                <integer id="tileHeight" name="tileHeight">0</integer>
              </attributes>
            </graphics>
            <motion />
            <physics>
              <attributes />
            </physics>
          </aspects>
        </actor>
        <actor id="id673378" prototype="id586765">
          <attributes>
            <point id="position">
              <real id="x">984</real>
              <real id="y">143</real>
            </point>
            <size id="size">
              <real id="width">136</real>
              <real id="height">136</real>
            </size>
            <angle id="rotation">0</angle>
            <text id="name">Actor 3 Copy 18</text>
          </attributes>
          <aspects>
            <graphics>
              <attributes>
                <integer id="tileWidth" name="tileWidth">0</integer>
                <integer id="tileHeight" name="tileHeight">0</integer>
              </attributes>
            </graphics>
            <motion />
            <physics>
              <attributes />
            </physics>
          </aspects>
        </actor>
        <actor id="id283529" prototype="id586765">
          <attributes>
            <point id="position">
              <real id="x">854</real>
              <real id="y">141</real>
            </point>
            <size id="size">
              <real id="width">136</real>
              <real id="height">136</real>
            </size>
            <angle id="rotation">0</angle>
            <text id="name">Actor 3 Copy 17</text>
          </attributes>
          <aspects>
            <graphics>
              <attributes>
                <integer id="tileWidth" name="tileWidth">0</integer>
                <integer id="tileHeight" name="tileHeight">0</integer>
              </attributes>
            </graphics>
            <motion />
            <physics>
              <attributes />
            </physics>
          </aspects>
        </actor>
        <actor id="id463330" prototype="id586765">
          <attributes>
            <point id="position">
              <real id="x">721</real>
              <real id="y">140</real>
            </point>
            <size id="size">
              <real id="width">136</real>
              <real id="height">136</real>
            </size>
            <angle id="rotation">0</angle>
            <text id="name">Actor 3 Copy 16</text>
          </attributes>
          <aspects>
            <graphics>
              <attributes>
                <integer id="tileWidth" name="tileWidth">0</integer>
                <integer id="tileHeight" name="tileHeight">0</integer>
              </attributes>
            </graphics>
            <motion />
            <physics>
              <attributes />
            </physics>
          </aspects>
        </actor>
        <actor id="id192790" prototype="id586765">
          <attributes>
            <point id="position">
              <real id="x">591</real>
              <real id="y">141</real>
            </point>
            <size id="size">
              <real id="width">136</real>
              <real id="height">136</real>
            </size>
            <angle id="rotation">0</angle>
            <text id="name">Actor 3 Copy 15</text>
          </attributes>
          <aspects>
            <graphics>
              <attributes>
                <integer id="tileWidth" name="tileWidth">0</integer>
                <integer id="tileHeight" name="tileHeight">0</integer>
              </attributes>
            </graphics>
            <motion />
            <physics>
              <attributes />
            </physics>
          </aspects>
        </actor>
        <actor id="id220691" prototype="id586765">
          <attributes>
            <point id="position">
              <real id="x">482.5</real>
              <real id="y">173</real>
            </point>
            <size id="size">
              <real id="width">155</real>
              <real id="height">136</real>
            </size>
            <angle id="rotation">0</angle>
            <text id="name">Actor 3 Copy 14</text>
          </attributes>
          <aspects>
            <graphics>
              <attributes>
                <integer id="tileWidth" name="tileWidth">0</integer>
                <integer id="tileHeight" name="tileHeight">0</integer>
              </attributes>
            </graphics>
            <motion />
            <physics>
              <attributes />
            </physics>
          </aspects>
        </actor>
        <actor id="id533122" prototype="id586765">
          <attributes>
            <point id="position">
              <real id="x">459</real>
              <real id="y">141</real>
            </point>
            <size id="size">
              <real id="width">136</real>
              <real id="height">136</real>
            </size>
            <angle id="rotation">0</angle>
            <text id="name">Actor 3 Copy 13</text>
          </attributes>
          <aspects>
            <graphics>
              <attributes>
                <integer id="tileWidth" name="tileWidth">0</integer>
                <integer id="tileHeight" name="tileHeight">0</integer>
              </attributes>
            </graphics>
            <motion />
            <physics>
              <attributes />
            </physics>
          </aspects>
        </actor>
        <actor id="id804279" prototype="id586765">
          <attributes>
            <point id="position">
              <real id="x">324</real>
              <real id="y">142</real>
            </point>
            <size id="size">
              <real id="width">136</real>
              <real id="height">136</real>
            </size>
            <angle id="rotation">0</angle>
            <text id="name">Actor 3 Copy 12</text>
          </attributes>
          <aspects>
            <graphics>
              <attributes>
                <integer id="tileWidth" name="tileWidth">0</integer>
                <integer id="tileHeight" name="tileHeight">0</integer>
              </attributes>
            </graphics>
            <motion />
            <physics>
              <attributes />
            </physics>
          </aspects>
        </actor>
        <actor id="id722862" prototype="id586765">
          <attributes>
            <point id="position">
              <real id="x">190</real>
              <real id="y">141</real>
            </point>
            <size id="size">
              <real id="width">136</real>
              <real id="height">136</real>
            </size>
            <angle id="rotation">0</angle>
            <text id="name">Actor 3 Copy 11</text>
          </attributes>
          <aspects>
            <graphics>
              <attributes>
                <integer id="tileWidth" name="tileWidth">0</integer>
                <integer id="tileHeight" name="tileHeight">0</integer>
              </attributes>
            </graphics>
            <motion />
            <physics>
              <attributes />
            </physics>
          </aspects>
        </actor>
        <actor id="id611667" prototype="id586765">
          <attributes>
            <point id="position">
              <real id="x">57</real>
              <real id="y">142</real>
            </point>
            <size id="size">
              <real id="width">136</real>
              <real id="height">136</real>
            </size>
            <angle id="rotation">0</angle>
            <text id="name">Actor 3 Copy 10</text>
          </attributes>
          <aspects>
            <graphics>
              <attributes>
                <integer id="tileWidth" name="tileWidth">0</integer>
                <integer id="tileHeight" name="tileHeight">0</integer>
              </attributes>
            </graphics>
            <motion />
            <physics>
              <attributes />
            </physics>
          </aspects>
        </actor>
        <actor id="id394198" prototype="id586765">
          <attributes>
            <point id="position">
              <real id="x">1216</real>
              <real id="y">300</real>
            </point>
            <size id="size">
              <real id="width">136</real>
              <real id="height">136</real>
            </size>
            <angle id="rotation">0</angle>
            <text id="name">Actor 3 Copy 9</text>
          </attributes>
          <aspects>
            <graphics>
              <attributes>
                <integer id="tileWidth" name="tileWidth">0</integer>
                <integer id="tileHeight" name="tileHeight">0</integer>
              </attributes>
            </graphics>
            <motion />
            <physics>
              <attributes />
            </physics>
          </aspects>
        </actor>
        <actor id="id659282" prototype="id586765">
          <attributes>
            <point id="position">
              <real id="x">1135</real>
              <real id="y">300</real>
            </point>
            <size id="size">
              <real id="width">136</real>
              <real id="height">136</real>
            </size>
            <angle id="rotation">0</angle>
            <text id="name">Actor 3 Copy 8</text>
          </attributes>
          <aspects>
            <graphics>
              <attributes>
                <integer id="tileWidth" name="tileWidth">0</integer>
                <integer id="tileHeight" name="tileHeight">0</integer>
              </attributes>
            </graphics>
            <motion />
            <physics>
              <attributes />
            </physics>
          </aspects>
        </actor>
        <actor id="id948049" prototype="id586765">
          <attributes>
            <point id="position">
              <real id="x">1001</real>
              <real id="y">300</real>
            </point>
            <size id="size">
              <real id="width">136</real>
              <real id="height">136</real>
            </size>
            <angle id="rotation">0</angle>
            <text id="name">Actor 3 Copy 7</text>
          </attributes>
          <aspects>
            <graphics>
              <attributes>
                <integer id="tileWidth" name="tileWidth">0</integer>
                <integer id="tileHeight" name="tileHeight">0</integer>
              </attributes>
            </graphics>
            <motion />
            <physics>
              <attributes />
            </physics>
          </aspects>
        </actor>
        <actor id="id664167" prototype="id586765">
          <attributes>
            <point id="position">
              <real id="x">866</real>
              <real id="y">302</real>
            </point>
            <size id="size">
              <real id="width">136</real>
              <real id="height">136</real>
            </size>
            <angle id="rotation">0</angle>
            <text id="name">Actor 3 Copy 6</text>
          </attributes>
          <aspects>
            <graphics>
              <attributes>
                <integer id="tileWidth" name="tileWidth">0</integer>
                <integer id="tileHeight" name="tileHeight">0</integer>
              </attributes>
            </graphics>
            <motion />
            <physics>
              <attributes />
            </physics>
          </aspects>
        </actor>
        <actor id="id979315" prototype="id586765">
          <attributes>
            <point id="position">
              <real id="x">730</real>
              <real id="y">303</real>
            </point>
            <size id="size">
              <real id="width">136</real>
              <real id="height">136</real>
            </size>
            <angle id="rotation">0</angle>
            <text id="name">Actor 3 Copy 5</text>
          </attributes>
          <aspects>
            <graphics>
              <attributes>
                <integer id="tileWidth" name="tileWidth">0</integer>
                <integer id="tileHeight" name="tileHeight">0</integer>
              </attributes>
            </graphics>
            <motion />
            <physics>
              <attributes />
            </physics>
          </aspects>
        </actor>
        <actor id="id895771" prototype="id586765">
          <attributes>
            <point id="position">
              <real id="x">595</real>
              <real id="y">302</real>
            </point>
            <size id="size">
              <real id="width">136</real>
              <real id="height">136</real>
            </size>
            <angle id="rotation">0</angle>
            <text id="name">Actor 3 Copy 4</text>
          </attributes>
          <aspects>
            <graphics>
              <attributes>
                <integer id="tileWidth" name="tileWidth">0</integer>
                <integer id="tileHeight" name="tileHeight">0</integer>
              </attributes>
            </graphics>
            <motion />
            <physics>
              <attributes />
            </physics>
          </aspects>
        </actor>
        <actor id="id242857" prototype="id586765">
          <attributes>
            <point id="position">
              <real id="x">461</real>
              <real id="y">302</real>
            </point>
            <size id="size">
              <real id="width">136</real>
              <real id="height">136</real>
            </size>
            <angle id="rotation">0</angle>
            <text id="name">Actor 3 Copy 3</text>
          </attributes>
          <aspects>
            <graphics>
              <attributes>
                <integer id="tileWidth" name="tileWidth">0</integer>
                <integer id="tileHeight" name="tileHeight">0</integer>
              </attributes>
            </graphics>
            <motion />
            <physics>
              <attributes />
            </physics>
          </aspects>
        </actor>
        <actor id="id122498" prototype="id586765">
          <attributes>
            <point id="position">
              <real id="x">326</real>
              <real id="y">301</real>
            </point>
            <size id="size">
              <real id="width">136</real>
              <real id="height">136</real>
            </size>
            <angle id="rotation">0</angle>
            <text id="name">Actor 3 Copy 2</text>
          </attributes>
          <aspects>
            <graphics>
              <attributes>
                <integer id="tileWidth" name="tileWidth">0</integer>
                <integer id="tileHeight" name="tileHeight">0</integer>
              </attributes>
            </graphics>
            <motion />
            <physics>
              <attributes />
            </physics>
          </aspects>
        </actor>
        <actor id="id279087" prototype="id586765">
          <attributes>
            <point id="position">
              <real id="x">178.5</real>
              <real id="y">305</real>
            </point>
            <size id="size">
              <real id="width">165</real>
              <real id="height">136</real>
            </size>
            <angle id="rotation">0</angle>
          </attributes>
          <aspects>
            <graphics>
              <attributes>
                <integer id="tileWidth" name="tileWidth">0</integer>
                <integer id="tileHeight" name="tileHeight">0</integer>
              </attributes>
            </graphics>
            <motion />
            <physics>
              <attributes />
            </physics>
          </aspects>
        </actor>
        <actor id="id670563" prototype="id268608">
          <attributes>
            <point id="position">
              <real id="x">39</real>
              <real id="y">296</real>
            </point>
            <size id="size">
              <real id="width">120</real>
              <real id="height">120</real>
            </size>
            <angle id="rotation">0</angle>
            <text id="name">Left Dirt Copy 1</text>
          </attributes>
          <aspects>
            <graphics>
              <attributes>
                <integer id="tileWidth" name="tileWidth">0</integer>
                <integer id="tileHeight" name="tileHeight">0</integer>
              </attributes>
            </graphics>
            <motion />
            <physics>
              <attributes />
            </physics>
          </aspects>
        </actor>
        <actor id="id305695" prototype="id101307">
          <attributes>
            <point id="position">
              <real id="x">1214</real>
              <real id="y">136</real>
            </point>
            <size id="size">
              <real id="width">120</real>
              <real id="height">120</real>
            </size>
            <angle id="rotation">0</angle>
            <text id="name">Right Dirt Copy 1</text>
          </attributes>
          <aspects>
            <graphics>
              <attributes>
                <integer id="tileWidth" name="tileWidth">0</integer>
                <integer id="tileHeight" name="tileHeight">0</integer>
              </attributes>
            </graphics>
            <motion />
            <physics>
              <attributes />
            </physics>
          </aspects>
        </actor>
        <actor id="id941229" prototype="id101307">
          <attributes>
            <point id="position">
              <real id="x">1222</real>
              <real id="y">-1</real>
            </point>
            <size id="size">
              <real id="width">120</real>
              <real id="height">120</real>
            </size>
            <angle id="rotation">0</angle>
            <text id="name">Right Dirt Copy 2</text>
          </attributes>
          <aspects>
            <graphics>
              <attributes>
                <integer id="tileWidth" name="tileWidth">0</integer>
                <integer id="tileHeight" name="tileHeight">0</integer>
              </attributes>
            </graphics>
            <motion />
            <physics>
              <attributes />
            </physics>
          </aspects>
        </actor>
        <actor id="id393601" prototype="id268608">
          <attributes>
            <point id="position">
              <real id="x">46</real>
              <real id="y">136</real>
            </point>
            <size id="size">
              <real id="width">120</real>
              <real id="height">120</real>
            </size>
            <angle id="rotation">0</angle>
          </attributes>
          <aspects>
            <graphics>
              <attributes>
                <integer id="tileWidth" name="tileWidth">0</integer>
                <integer id="tileHeight" name="tileHeight">0</integer>
              </attributes>
            </graphics>
            <motion />
            <physics>
              <attributes />
            </physics>
          </aspects>
        </actor>
        <actor id="id390696" prototype="id101307">
          <attributes>
            <point id="position">
              <real id="x">1212</real>
              <real id="y">298</real>
            </point>
            <size id="size">
              <real id="width">120</real>
              <real id="height">120</real>
            </size>
            <angle id="rotation">0</angle>
          </attributes>
          <aspects>
            <graphics>
              <attributes>
                <integer id="tileWidth" name="tileWidth">0</integer>
                <integer id="tileHeight" name="tileHeight">0</integer>
              </attributes>
            </graphics>
            <motion />
            <physics>
              <attributes />
            </physics>
          </aspects>
        </actor>
        <actor id="id428181" prototype="id128994">
          <attributes>
            <point id="position">
              <real id="x">664</real>
              <real id="y">-17</real>
            </point>
            <size id="size">
              <real id="width">1200</real>
              <real id="height">40</real>
            </size>
            <angle id="rotation">0</angle>
            <text id="name">Death Zone Copy 1</text>
          </attributes>
          <aspects>
            <graphics>
              <attributes>
                <integer id="tileWidth" name="tileWidth">0</integer>
                <integer id="tileHeight" name="tileHeight">0</integer>
              </attributes>
            </graphics>
            <motion />
            <physics>
              <attributes>
                <real id="restitution">0</real>
                <boolean id="movable">false</boolean>
                <boolean id="fixedRotation">true</boolean>
              </attributes>
            </physics>
          </aspects>
        </actor>
        <actor id="id900983" prototype="id464529">
          <attributes>
            <point id="position">
              <real id="x">155</real>
              <real id="y">767</real>
            </point>
            <size id="size">
              <real id="width">68.992864424057</real>
              <real id="height">371.879120879121</real>
            </size>
            <angle id="rotation">0</angle>
            <text id="name">Falling Trap Copy 1</text>
          </attributes>
          <aspects>
            <graphics>
              <attributes>
                <integer id="tileWidth" name="tileWidth">0</integer>
                <integer id="tileHeight" name="tileHeight">0</integer>
              </attributes>
            </graphics>
            <motion />
            <physics>
              <attributes />
            </physics>
          </aspects>
        </actor>
        <actor id="id681214" prototype="id756802">
          <attributes>
            <point id="position">
              <real id="x">106</real>
              <real id="y">765</real>
            </point>
            <size id="size">
              <real id="width">265</real>
              <real id="height">152</real>
            </size>
            <angle id="rotation">0</angle>
            <text id="name">Rock Copy 1</text>
          </attributes>
          <aspects>
            <graphics>
              <attributes>
                <integer id="tileWidth" name="tileWidth">0</integer>
                <integer id="tileHeight" name="tileHeight">0</integer>
              </attributes>
            </graphics>
            <motion />
            <physics>
              <attributes />
            </physics>
          </aspects>
        </actor>
        <actor id="id866388" prototype="id741124">
          <attributes>
            <point id="position">
              <real id="x">95</real>
              <real id="y">772</real>
            </point>
            <size id="size">
              <real id="width">30</real>
              <real id="height">31</real>
            </size>
            <angle id="rotation">0</angle>
            <text id="name">Hearts Copy 4</text>
          </attributes>
          <behaviors>
            <behavior id="id267064" class="RuleBehavior" enabled="true">
              <attributes>
                <text id="name">Rule</text>
                <text id="bundleName">Rule.behavior</text>
                <real id="compoundConditionKind">0</real>
              </attributes>
              <conditions>
                <condition id="id585313" eventType="mouse position" pluginPredicateTypeIndex="0" class="AttributeCondition">
                  <attributes>
                    <index id="conditionType">1</index>
                    <text id="subjectAttribute">game.attributes.id686833</text>
                    <text id="name">default name</text>
                  </attributes>
                  <predicate type="number">
                    <attributes>
                      <text id="operator">=</text>
                      <real id="RHS">3</real>
                    </attributes>
                  </predicate>
                </condition>
              </conditions>
              <behaviors>
                <behavior id="id192533" class="ChangeImageAction" enabled="true">
                  <attributes>
                    <text id="name">Change Image</text>
                    <text id="bundleName">ChangeImage.behavior</text>
                    <image id="image">lives-dead</image>
                  </attributes>
                </behavior>
              </behaviors>
            </behavior>
          </behaviors>
          <aspects>
            <graphics>
              <attributes>
                <integer id="tileWidth" name="tileWidth">0</integer>
                <integer id="tileHeight" name="tileHeight">0</integer>
              </attributes>
            </graphics>
            <motion />
            <physics>
              <attributes />
            </physics>
          </aspects>
        </actor>
        <actor id="id475136" prototype="id741124">
          <attributes>
            <point id="position">
              <real id="x">65</real>
              <real id="y">772</real>
            </point>
            <size id="size">
              <real id="width">30.0056122526579</real>
              <real id="height">30.6379310344828</real>
            </size>
            <angle id="rotation">0</angle>
            <text id="name">Hearts Copy 3</text>
          </attributes>
          <behaviors>
            <behavior id="id214337" class="RuleBehavior" enabled="true">
              <attributes>
                <text id="name">Rule</text>
                <text id="bundleName">Rule.behavior</text>
                <real id="compoundConditionKind">0</real>
              </attributes>
              <conditions>
                <condition id="id129462" eventType="mouse position" pluginPredicateTypeIndex="0" class="AttributeCondition">
                  <attributes>
                    <index id="conditionType">1</index>
                    <text id="subjectAttribute">game.attributes.id686833</text>
                    <text id="name">default name</text>
                  </attributes>
                  <predicate type="number">
                    <attributes>
                      <text id="operator">=</text>
                      <real id="RHS">2</real>
                    </attributes>
                  </predicate>
                </condition>
              </conditions>
              <behaviors>
                <behavior id="id891493" class="ChangeImageAction" enabled="true">
                  <attributes>
                    <text id="name">Change Image</text>
                    <text id="bundleName">ChangeImage.behavior</text>
                    <image id="image">lives-dead</image>
                  </attributes>
                </behavior>
              </behaviors>
            </behavior>
          </behaviors>
          <aspects>
            <graphics>
              <attributes>
                <integer id="tileWidth" name="tileWidth">0</integer>
                <integer id="tileHeight" name="tileHeight">0</integer>
              </attributes>
            </graphics>
            <motion />
            <physics>
              <attributes />
            </physics>
          </aspects>
        </actor>
        <actor id="id596956" prototype="id741124">
          <attributes>
            <point id="position">
              <real id="x">35</real>
              <real id="y">772</real>
            </point>
            <size id="size">
              <real id="width">30.0056122526579</real>
              <real id="height">30.6379310344828</real>
            </size>
            <angle id="rotation">0</angle>
            <text id="name">Hearts Copy 2</text>
          </attributes>
          <behaviors>
            <behavior id="id506775" class="RuleBehavior" enabled="true">
              <attributes>
                <text id="name">Rule</text>
                <text id="bundleName">Rule.behavior</text>
                <real id="compoundConditionKind">0</real>
              </attributes>
              <conditions>
                <condition id="id922290" eventType="mouse position" pluginPredicateTypeIndex="0" class="AttributeCondition">
                  <attributes>
                    <index id="conditionType">1</index>
                    <text id="subjectAttribute">game.attributes.id686833</text>
                    <text id="name">default name</text>
                  </attributes>
                  <predicate type="number">
                    <attributes>
                      <text id="operator">=</text>
                      <real id="RHS">1</real>
                    </attributes>
                  </predicate>
                </condition>
              </conditions>
              <behaviors>
                <behavior id="id392636" class="ChangeImageAction" enabled="true">
                  <attributes>
                    <text id="name">Change Image</text>
                    <text id="bundleName">ChangeImage.behavior</text>
                    <image id="image">lives-dead</image>
                  </attributes>
                </behavior>
              </behaviors>
            </behavior>
          </behaviors>
          <aspects>
            <graphics>
              <attributes>
                <integer id="tileWidth" name="tileWidth">0</integer>
                <integer id="tileHeight" name="tileHeight">0</integer>
              </attributes>
            </graphics>
            <motion />
            <physics>
              <attributes />
            </physics>
          </aspects>
        </actor>
        <actor id="id833301" prototype="id894538">
          <attributes>
            <point id="position">
              <real id="x">478</real>
              <real id="y">207.5</real>
            </point>
            <size id="size">
              <real id="width">130.192118226601</real>
              <real id="height">30.9458955223881</real>
            </size>
            <angle id="rotation">0</angle>
            <text id="name">Trap Copy 2</text>
          </attributes>
          <aspects>
            <graphics>
              <attributes>
                <integer id="tileWidth" name="tileWidth">0</integer>
                <integer id="tileHeight" name="tileHeight">0</integer>
              </attributes>
            </graphics>
            <motion />
            <physics>
              <attributes>
                <boolean id="fixedRotation">true</boolean>
                <boolean id="movable">false</boolean>
                <real id="density">5000</real>
                <real id="restitution">0</real>
              </attributes>
            </physics>
          </aspects>
        </actor>
        <actor id="id449960" prototype="id432069">
          <attributes>
            <point id="position">
              <real id="x">173</real>
              <real id="y">72</real>
            </point>
            <size id="size">
              <real id="width">70.8522167487683</real>
              <real id="height">71.3206611570246</real>
            </size>
            <angle id="rotation">0</angle>
            <text id="name">Sharp Trap Copy 1</text>
          </attributes>
          <aspects>
            <graphics>
              <attributes>
                <integer id="tileWidth" name="tileWidth">0</integer>
                <integer id="tileHeight" name="tileHeight">0</integer>
              </attributes>
            </graphics>
            <motion />
            <physics>
              <attributes>
                <enumeration id="collisionShape">1</enumeration>
              </attributes>
            </physics>
          </aspects>
        </actor>
        <actor id="id455812" prototype="id316260">
          <attributes>
            <point id="position">
              <real id="x">134</real>
              <real id="y">366</real>
            </point>
            <size id="size">
              <real id="width">700</real>
              <real id="height">70</real>
            </size>
            <angle id="rotation">0</angle>
            <text id="name">Platform left Copy 7</text>
          </attributes>
          <aspects>
            <graphics>
              <attributes>
                <integer id="tileWidth" name="tileWidth">0</integer>
                <integer id="tileHeight" name="tileHeight">0</integer>
              </attributes>
            </graphics>
            <motion />
            <physics>
              <attributes />
            </physics>
          </aspects>
        </actor>
        <actor id="id218184" prototype="id316260">
          <attributes>
            <point id="position">
              <real id="x">755</real>
              <real id="y">366</real>
            </point>
            <size id="size">
              <real id="width">700</real>
              <real id="height">70</real>
            </size>
            <angle id="rotation">0</angle>
            <text id="name">Platform left Copy 6</text>
          </attributes>
          <aspects>
            <graphics>
              <attributes>
                <integer id="tileWidth" name="tileWidth">0</integer>
                <integer id="tileHeight" name="tileHeight">0</integer>
              </attributes>
            </graphics>
            <motion />
            <physics>
              <attributes />
            </physics>
          </aspects>
        </actor>
        <actor id="id721244" prototype="id316260">
          <attributes>
            <point id="position">
              <real id="x">1156</real>
              <real id="y">367</real>
            </point>
            <size id="size">
              <real id="width">700</real>
              <real id="height">70</real>
            </size>
            <angle id="rotation">0</angle>
            <image id="image">platform</image>
            <text id="name">Platform left Copy 5</text>
          </attributes>
          <aspects>
            <graphics>
              <attributes>
                <integer id="tileWidth" name="tileWidth">0</integer>
                <integer id="tileHeight" name="tileHeight">0</integer>
              </attributes>
            </graphics>
            <motion />
            <physics>
              <attributes />
            </physics>
          </aspects>
        </actor>
        <actor id="id716002" prototype="id316260">
          <attributes>
            <point id="position">
              <real id="x">1104</real>
              <real id="y">204</real>
            </point>
            <size id="size">
              <real id="width">700</real>
              <real id="height">70</real>
            </size>
            <angle id="rotation">0</angle>
            <text id="name">Platform left Copy 4</text>
          </attributes>
          <aspects>
            <graphics>
              <attributes>
                <integer id="tileWidth" name="tileWidth">0</integer>
                <integer id="tileHeight" name="tileHeight">0</integer>
              </attributes>
            </graphics>
            <motion />
            <physics>
              <attributes />
            </physics>
          </aspects>
        </actor>
        <actor id="id866525" prototype="id951630">
          <attributes>
            <point id="position">
              <real id="x">657</real>
              <real id="y">204</real>
            </point>
            <size id="size">
              <real id="width">250</real>
              <real id="height">70</real>
            </size>
            <angle id="rotation">0</angle>
            <text id="name">Platform right Copy 2</text>
          </attributes>
          <aspects>
            <graphics>
              <attributes>
                <integer id="tileWidth" name="tileWidth">0</integer>
                <integer id="tileHeight" name="tileHeight">0</integer>
              </attributes>
            </graphics>
            <motion />
            <physics>
              <attributes />
            </physics>
          </aspects>
        </actor>
        <actor id="id911339" prototype="id316260">
          <attributes>
            <point id="position">
              <real id="x">69</real>
              <real id="y">204</real>
            </point>
            <size id="size">
              <real id="width">700</real>
              <real id="height">70</real>
            </size>
            <angle id="rotation">0</angle>
            <text id="name">Platform left Copy 3</text>
          </attributes>
          <aspects>
            <graphics>
              <attributes>
                <integer id="tileWidth" name="tileWidth">0</integer>
                <integer id="tileHeight" name="tileHeight">0</integer>
              </attributes>
            </graphics>
            <motion />
            <physics>
              <attributes />
            </physics>
          </aspects>
        </actor>
        <actor id="id921711" prototype="id316260">
          <attributes>
            <point id="position">
              <real id="x">121</real>
              <real id="y">44</real>
            </point>
            <size id="size">
              <real id="width">700</real>
              <real id="height">70</real>
            </size>
            <angle id="rotation">0</angle>
            <text id="name">Platform left Copy 2</text>
          </attributes>
          <aspects>
            <graphics>
              <attributes>
                <integer id="tileWidth" name="tileWidth">0</integer>
                <integer id="tileHeight" name="tileHeight">0</integer>
              </attributes>
            </graphics>
            <motion />
            <physics>
              <attributes />
            </physics>
          </aspects>
        </actor>
        <actor id="id973505" prototype="id316260">
          <attributes>
            <point id="position">
              <real id="x">569</real>
              <real id="y">44</real>
            </point>
            <size id="size">
              <real id="width">700</real>
              <real id="height">70</real>
            </size>
            <angle id="rotation">0</angle>
            <text id="name">Platform left Copy 1</text>
          </attributes>
          <aspects>
            <graphics>
              <attributes>
                <integer id="tileWidth" name="tileWidth">0</integer>
                <integer id="tileHeight" name="tileHeight">0</integer>
              </attributes>
            </graphics>
            <motion />
            <physics>
              <attributes />
            </physics>
          </aspects>
        </actor>
        <actor id="id510495" prototype="id951630">
          <attributes>
            <point id="position">
              <real id="x">1160</real>
              <real id="y">44</real>
            </point>
            <size id="size">
              <real id="width">250</real>
              <real id="height">70</real>
            </size>
            <angle id="rotation">0</angle>
            <text id="name">Platform right Copy 1</text>
          </attributes>
          <aspects>
            <graphics>
              <attributes>
                <integer id="tileWidth" name="tileWidth">0</integer>
                <integer id="tileHeight" name="tileHeight">0</integer>
              </attributes>
            </graphics>
            <motion />
            <physics>
              <attributes />
            </physics>
          </aspects>
        </actor>
        <actor id="id868038" prototype="id461026">
          <attributes>
            <point id="position">
              <real id="x">684</real>
              <real id="y">468</real>
            </point>
            <size id="size">
              <real id="width">65.9093484419264</real>
              <real id="height">139.317365269461</real>
            </size>
            <angle id="rotation">0</angle>
            <text id="name">Spike Copy 1</text>
          </attributes>
          <aspects>
            <graphics>
              <attributes>
                <integer id="tileWidth" name="tileWidth">0</integer>
                <integer id="tileHeight" name="tileHeight">0</integer>
              </attributes>
            </graphics>
            <motion />
            <physics>
              <attributes />
            </physics>
          </aspects>
        </actor>
        <actor id="id408146" prototype="id885375">
          <attributes>
            <point id="position">
              <real id="x">475</real>
              <real id="y">235</real>
            </point>
            <size id="size">
              <real id="width">120</real>
              <real id="height">10</real>
            </size>
            <angle id="rotation">0</angle>
            <text id="name">Wood Level 2 Copy 1</text>
          </attributes>
          <behaviors>
            <behavior id="id296458" class="RuleBehavior" enabled="true">
              <attributes>
                <text id="name">Rule</text>
                <text id="bundleName">Rule.behavior</text>
                <real id="compoundConditionKind">0</real>
              </attributes>
              <conditions>
                <condition id="id380171" eventType="touch" pluginPredicateTypeIndex="0" class="Touch">
                  <attributes>
                    <text id="name">default name</text>
                    <index id="conditionType">0</index>
                  </attributes>
                  <predicate type="touch" conditionType="pressed">
                    <attributes />
                  </predicate>
                </condition>
                <condition id="id669294" eventType="mouse position" pluginPredicateTypeIndex="0" class="AttributeCondition">
                  <attributes>
                    <index id="conditionType">1</index>
                    <text id="subjectAttribute">game.attributes.id281702</text>
                    <text id="name">default name</text>
                  </attributes>
                  <predicate type="boolean">
                    <attributes>
                      <index id="RHS">0</index>
                    </attributes>
                  </predicate>
                </condition>
                <condition id="id777466" eventType="mouse position" pluginPredicateTypeIndex="0" class="AttributeCondition">
                  <attributes>
                    <index id="conditionType">1</index>
                    <text id="subjectAttribute">game.attributes.id632778</text>
                    <text id="name">default name</text>
                  </attributes>
                  <predicate type="boolean">
                    <attributes>
                      <index id="RHS">0</index>
                    </attributes>
                  </predicate>
                </condition>
              </conditions>
              <behaviors>
                <behavior id="id750010" class="ChangeAttributeAction" enabled="true">
                  <attributes>
                    <text id="name">Change Attribute</text>
                    <text id="bundleName">ChangeAttribute.behavior</text>
                    <text id="targetAttribute">game.attributes.id632778</text>
                    <text id="RHS">1</text>
                  </attributes>
                </behavior>
                <behavior id="id961628" class="InterpolateBehavior" enabled="true">
                  <attributes>
                    <text id="name">Interpolate</text>
                    <text id="bundleName">Interpolate.behavior</text>
                    <boolean id="runToCompletion">true</boolean>
                    <text id="targetAttribute">self.attributes.rotation</text>
                    <real id="finalValue">-90</real>
                    <real id="duration">1</real>
                    <index id="easing">0</index>
                  </attributes>
                </behavior>
                <behavior id="id556164" class="InterpolateBehavior" enabled="true">
                  <attributes>
                    <text id="name">Interpolate</text>
                    <text id="bundleName">Interpolate.behavior</text>
                    <boolean id="runToCompletion">true</boolean>
                    <text id="targetAttribute">self.attributes.position.x</text>
                    <real id="finalValue">535</real>
                    <real id="duration">1</real>
                    <index id="easing">0</index>
                  </attributes>
                </behavior>
                <behavior id="id314327" class="InterpolateBehavior" enabled="true">
                  <attributes>
                    <text id="name">Interpolate</text>
                    <text id="bundleName">Interpolate.behavior</text>
                    <boolean id="runToCompletion">true</boolean>
                    <text id="targetAttribute">self.attributes.position.y</text>
                    <real id="finalValue">274</real>
                    <real id="duration">1</real>
                    <index id="easing">0</index>
                  </attributes>
                </behavior>
                <behavior id="id960286" class="TimerBehavior" enabled="true">
                  <attributes>
                    <text id="name">Timer</text>
                    <text id="bundleName">Timer.behavior</text>
                    <index id="timerType">1</index>
                    <real id="interval">3</real>
                    <boolean id="runToCompletion">true</boolean>
                  </attributes>
                  <behaviors>
                    <behavior id="id455413" class="InterpolateBehavior" enabled="true">
                      <attributes>
                        <text id="name">Interpolate</text>
                        <text id="bundleName">Interpolate.behavior</text>
                        <boolean id="runToCompletion">true</boolean>
                        <text id="targetAttribute">self.attributes.rotation</text>
                        <real id="finalValue">0</real>
                        <real id="duration">1</real>
                        <index id="easing">0</index>
                      </attributes>
                    </behavior>
                    <behavior id="id513328" class="InterpolateBehavior" enabled="true">
                      <attributes>
                        <text id="name">Interpolate</text>
                        <text id="bundleName">Interpolate.behavior</text>
                        <boolean id="runToCompletion">true</boolean>
                        <text id="targetAttribute">self.attributes.position.x</text>
                        <real id="finalValue">475</real>
                        <real id="duration">1</real>
                        <index id="easing">0</index>
                      </attributes>
                    </behavior>
                    <behavior id="id599566" class="InterpolateBehavior" enabled="true">
                      <attributes>
                        <text id="name">Interpolate</text>
                        <text id="bundleName">Interpolate.behavior</text>
                        <boolean id="runToCompletion">true</boolean>
                        <text id="targetAttribute">self.attributes.position.y</text>
                        <real id="finalValue">234</real>
                        <real id="duration">1</real>
                        <index id="easing">0</index>
                      </attributes>
                    </behavior>
                  </behaviors>
                </behavior>
                <behavior id="id564872" class="TimerBehavior" enabled="true">
                  <attributes>
                    <text id="name">Timer</text>
                    <text id="bundleName">Timer.behavior</text>
                    <index id="timerType">1</index>
                    <real id="interval">5</real>
                    <boolean id="runToCompletion">true</boolean>
                  </attributes>
                  <behaviors>
                    <behavior id="id312992" class="ChangeAttributeAction" enabled="true">
                      <attributes>
                        <text id="name">Change Attribute</text>
                        <text id="bundleName">ChangeAttribute.behavior</text>
                        <text id="targetAttribute">game.attributes.id632778</text>
                        <text id="RHS">0</text>
                      </attributes>
                    </behavior>
                  </behaviors>
                </behavior>
              </behaviors>
            </behavior>
          </behaviors>
          <aspects>
            <graphics>
              <attributes>
                <integer id="tileWidth" name="tileWidth">0</integer>
                <integer id="tileHeight" name="tileHeight">0</integer>
              </attributes>
            </graphics>
            <motion />
            <physics>
              <attributes />
            </physics>
          </aspects>
        </actor>
        <actor id="id845842" prototype="id885375">
          <attributes>
            <point id="position">
              <real id="x">976</real>
              <real id="y">73</real>
            </point>
            <size id="size">
              <real id="width">120</real>
              <real id="height">10</real>
            </size>
            <angle id="rotation">0</angle>
            <text id="name">Wood Copy 1</text>
          </attributes>
          <behaviors>
            <behavior id="id807111" class="RuleBehavior" enabled="true">
              <attributes>
                <text id="name">Rule</text>
                <text id="bundleName">Rule.behavior</text>
                <real id="compoundConditionKind">0</real>
              </attributes>
              <conditions>
                <condition id="id356398" eventType="touch" pluginPredicateTypeIndex="0" class="Touch">
                  <attributes>
                    <text id="name">default name</text>
                    <index id="conditionType">0</index>
                  </attributes>
                  <predicate type="touch" conditionType="pressed">
                    <attributes />
                  </predicate>
                </condition>
                <condition id="id288447" eventType="mouse position" pluginPredicateTypeIndex="0" class="AttributeCondition">
                  <attributes>
                    <index id="conditionType">1</index>
                    <text id="subjectAttribute">game.attributes.id690270</text>
                    <text id="name">default name</text>
                  </attributes>
                  <predicate type="boolean">
                    <attributes>
                      <index id="RHS">0</index>
                    </attributes>
                  </predicate>
                </condition>
              </conditions>
              <behaviors>
                <behavior id="id927748" class="ChangeAttributeAction" enabled="true">
                  <attributes>
                    <text id="name">Change Attribute</text>
                    <text id="bundleName">ChangeAttribute.behavior</text>
                    <text id="targetAttribute">game.attributes.id690270</text>
                    <text id="RHS">1</text>
                  </attributes>
                </behavior>
                <behavior id="id350983" class="InterpolateBehavior" enabled="true">
                  <attributes>
                    <text id="name">Interpolate</text>
                    <text id="bundleName">Interpolate.behavior</text>
                    <boolean id="runToCompletion">true</boolean>
                    <text id="targetAttribute">self.attributes.rotation</text>
                    <real id="finalValue">90</real>
                    <real id="duration">1</real>
                    <index id="easing">0</index>
                  </attributes>
                </behavior>
                <behavior id="id606594" class="InterpolateBehavior" enabled="true">
                  <attributes>
                    <text id="name">Interpolate</text>
                    <text id="bundleName">Interpolate.behavior</text>
                    <boolean id="runToCompletion">true</boolean>
                    <text id="targetAttribute">self.attributes.position.x</text>
                    <real id="finalValue">1045</real>
                    <real id="duration">1</real>
                    <index id="easing">0</index>
                  </attributes>
                </behavior>
                <behavior id="id506102" class="InterpolateBehavior" enabled="true">
                  <attributes>
                    <text id="name">Interpolate</text>
                    <text id="bundleName">Interpolate.behavior</text>
                    <boolean id="runToCompletion">true</boolean>
                    <text id="targetAttribute">self.attributes.position.y</text>
                    <real id="finalValue">30</real>
                    <real id="duration">1</real>
                    <index id="easing">0</index>
                  </attributes>
                </behavior>
                <behavior id="id689583" class="TimerBehavior" enabled="true">
                  <attributes>
                    <text id="name">Timer</text>
                    <text id="bundleName">Timer.behavior</text>
                    <index id="timerType">1</index>
                    <real id="interval">2</real>
                    <boolean id="runToCompletion">true</boolean>
                  </attributes>
                  <behaviors>
                    <behavior id="id502154" class="InterpolateBehavior" enabled="true">
                      <attributes>
                        <text id="name">Interpolate</text>
                        <text id="bundleName">Interpolate.behavior</text>
                        <boolean id="runToCompletion">true</boolean>
                        <text id="targetAttribute">self.attributes.rotation</text>
                        <real id="finalValue">0</real>
                        <real id="duration">1</real>
                        <index id="easing">0</index>
                      </attributes>
                    </behavior>
                    <behavior id="id978710" class="InterpolateBehavior" enabled="true">
                      <attributes>
                        <text id="name">Interpolate</text>
                        <text id="bundleName">Interpolate.behavior</text>
                        <boolean id="runToCompletion">true</boolean>
                        <text id="targetAttribute">self.attributes.position.x</text>
                        <real id="finalValue">986</real>
                        <real id="duration">1</real>
                        <index id="easing">0</index>
                      </attributes>
                    </behavior>
                    <behavior id="id672056" class="InterpolateBehavior" enabled="true">
                      <attributes>
                        <text id="name">Interpolate</text>
                        <text id="bundleName">Interpolate.behavior</text>
                        <boolean id="runToCompletion">true</boolean>
                        <text id="targetAttribute">self.attributes.position.y</text>
                        <real id="finalValue">73</real>
                        <real id="duration">1</real>
                        <index id="easing">0</index>
                      </attributes>
                    </behavior>
                  </behaviors>
                </behavior>
                <behavior id="id164570" class="TimerBehavior" enabled="true">
                  <attributes>
                    <text id="name">Timer</text>
                    <text id="bundleName">Timer.behavior</text>
                    <index id="timerType">1</index>
                    <real id="interval">3</real>
                    <boolean id="runToCompletion">true</boolean>
                  </attributes>
                  <behaviors>
                    <behavior id="id996003" class="ChangeAttributeAction" enabled="true">
                      <attributes>
                        <text id="name">Change Attribute</text>
                        <text id="bundleName">ChangeAttribute.behavior</text>
                        <text id="targetAttribute">game.attributes.id690270</text>
                        <text id="RHS">0</text>
                      </attributes>
                    </behavior>
                  </behaviors>
                </behavior>
              </behaviors>
            </behavior>
          </behaviors>
          <aspects>
            <graphics>
              <attributes>
                <integer id="tileWidth" name="tileWidth">0</integer>
                <integer id="tileHeight" name="tileHeight">0</integer>
              </attributes>
            </graphics>
            <motion />
            <physics>
              <attributes />
            </physics>
          </aspects>
        </actor>
        <actor id="id895542" prototype="id107904">
          <attributes>
            <point id="position">
              <real id="x">979</real>
              <real id="y">259</real>
            </point>
            <size id="size">
              <real id="width">89.9322033898306</real>
              <real id="height">57.6739130434782</real>
            </size>
            <angle id="rotation">0</angle>
            <text id="name">Bear Trap Copy 1</text>
          </attributes>
          <aspects>
            <graphics>
              <attributes>
                <integer id="tileWidth" name="tileWidth">0</integer>
                <integer id="tileHeight" name="tileHeight">0</integer>
              </attributes>
            </graphics>
            <motion />
            <physics>
              <attributes />
            </physics>
          </aspects>
        </actor>
        <actor id="id422553" prototype="id690080">
          <attributes>
            <point id="position">
              <real id="x">632.5</real>
              <real id="y">12</real>
            </point>
            <size id="size">
              <real id="width">1269</real>
              <real id="height">130</real>
            </size>
            <angle id="rotation">0</angle>
          </attributes>
          <aspects>
            <graphics>
              <attributes>
                <integer id="tileWidth" name="tileWidth">0</integer>
                <integer id="tileHeight" name="tileHeight">0</integer>
              </attributes>
            </graphics>
            <motion />
            <physics>
              <attributes />
            </physics>
          </aspects>
        </actor>
        <actor id="id494508" prototype="id756802">
          <attributes>
            <point id="position">
              <real id="x">1176</real>
              <real id="y">580.5</real>
            </point>
            <size id="size">
              <real id="width">128</real>
              <real id="height">89</real>
            </size>
            <angle id="rotation">0</angle>
          </attributes>
          <aspects>
            <graphics>
              <attributes>
                <enumeration id="verticalWrap">0</enumeration>
                <boolean id="flipVertically">false</boolean>
                <boolean id="flipHorizontally">true</boolean>
                <integer id="tileWidth" name="tileWidth">0</integer>
                <integer id="tileHeight" name="tileHeight">0</integer>
              </attributes>
            </graphics>
            <motion />
            <physics>
              <attributes />
            </physics>
          </aspects>
        </actor>
        <actor id="id775118" prototype="id699565">
          <attributes>
            <point id="position">
              <real id="x">1272</real>
              <real id="y">394.5</real>
            </point>
            <size id="size">
              <real id="width">62</real>
              <real id="height">821</real>
            </size>
            <angle id="rotation">0</angle>
            <text id="name">Wall Copy 1</text>
          </attributes>
          <aspects>
            <graphics>
              <attributes>
                <integer id="tileWidth" name="tileWidth">0</integer>
                <integer id="tileHeight" name="tileHeight">0</integer>
              </attributes>
            </graphics>
            <motion />
            <physics>
              <attributes />
            </physics>
          </aspects>
        </actor>
        <actor id="id510047" prototype="id168069">
          <attributes>
            <point id="position">
              <real id="x">1180</real>
              <real id="y">552</real>
            </point>
            <size id="size">
              <real id="width">90.5913978494623</real>
              <real id="height">81.0096153846154</real>
            </size>
            <angle id="rotation">-180</angle>
            <text id="name">Canon Copy 1</text>
          </attributes>
          <aspects>
            <graphics>
              <attributes>
                <boolean id="flipHorizontally">false</boolean>
                <integer id="tileWidth" name="tileWidth">0</integer>
                <integer id="tileHeight" name="tileHeight">0</integer>
              </attributes>
            </graphics>
            <motion />
            <physics>
              <attributes />
            </physics>
          </aspects>
        </actor>
      </actors>
      <attributes>
        <text id="name">Background</text>
        <boolean id="scrollable">true</boolean>
      </attributes>
    </layer>
  </layers>
  <attributes>
    <text id="name">Level 3</text>
    <real id="time">0</real>
    <size id="size">
      <real id="width">1280</real>
      <real id="height">800</real>
    </size>
    <boolean id="wrapX">false</boolean>
    <boolean id="wrapY">false</boolean>
    <point id="gravity">
      <real id="x">0</real>
      <real id="y">0</real>
    </point>
    <color id="color">
      <real id="red">0</real>
      <real id="green">0</real>
      <real id="blue">0</real>
      <real id="alpha">1</real>
    </color>
    <rect id="camera">
      <point id="origin">
        <real id="x">0</real>
        <real id="y">0</real>
      </point>
      <size id="size">
        <real id="width">1280</real>
        <real id="height">800</real>
      </size>
      <size id="trackingArea">
        <real id="width">1200</real>
        <real id="height">740</real>
      </size>
      <real id="rotation">0</real>
    </rect>
    <attributes id="autorotate">
      <boolean id="landscapeLeft">true</boolean>
      <boolean id="portrait">false</boolean>
      <boolean id="landscapeRight">false</boolean>
      <boolean id="portraitUpsideDown">false</boolean>
    </attributes>
  </attributes>
</scene>