<?xml version="1.0" encoding="utf-8"?>
<scene PGFVersion="0.19" GSCVersion="0.10.5" id="id673919">
  <layers>
    <layer id="id249946">
      <actors>
        <actor id="id925509" prototype="id921425">
          <attributes>
            <point id="position">
              <real id="x">639.870967741935</real>
              <real id="y">399</real>
            </point>
            <size id="size">
              <real id="width">120</real>
              <real id="height">120</real>
            </size>
            <angle id="rotation">0</angle>
          </attributes>
          <behaviors>
            <behavior id="id135892" class="DisplayTextBehavior" enabled="true">
              <attributes>
                <text id="name">Display Text</text>
                <text id="bundleName">DisplayText.behavior</text>
                <text id="text">Mission Accomplished!!!</text>
                <text id="font">Arial</text>
                <real id="size">100</real>
                <index id="alignment">1</index>
                <boolean id="wrap">false</boolean>
                <color id="color">
                  <real id="red">0.329411764705882</real>
                  <real id="green">0.0117647058823529</real>
                  <real id="blue">0.423529411764706</real>
                  <real id="alpha">1</real>
                </color>
              </attributes>
            </behavior>
          </behaviors>
          <aspects>
            <graphics>
              <attributes>
                <integer id="tileWidth" name="tileWidth">0</integer>
                <integer id="tileHeight" name="tileHeight">0</integer>
              </attributes>
            </graphics>
            <motion />
            <physics>
              <attributes />
            </physics>
          </aspects>
        </actor>
      </actors>
      <attributes>
        <text id="name">Background</text>
        <boolean id="scrollable">true</boolean>
      </attributes>
    </layer>
  </layers>
  <attributes>
    <text id="name">Winner</text>
    <real id="time">0</real>
    <size id="size">
      <real id="width">1280</real>
      <real id="height">800</real>
    </size>
    <boolean id="wrapX">false</boolean>
    <boolean id="wrapY">false</boolean>
    <point id="gravity">
      <real id="x">0</real>
      <real id="y">0</real>
    </point>
    <color id="color">
      <real id="red">0</real>
      <real id="green">0</real>
      <real id="blue">0</real>
      <real id="alpha">1</real>
    </color>
    <rect id="camera">
      <point id="origin">
        <real id="x">0</real>
        <real id="y">0</real>
      </point>
      <size id="size">
        <real id="width">1280</real>
        <real id="height">800</real>
      </size>
      <size id="trackingArea">
        <real id="width">1200</real>
        <real id="height">740</real>
      </size>
      <real id="rotation">0</real>
    </rect>
    <attributes id="autorotate">
      <boolean id="landscapeLeft">true</boolean>
      <boolean id="portrait">false</boolean>
      <boolean id="landscapeRight">false</boolean>
      <boolean id="portraitUpsideDown">false</boolean>
    </attributes>
  </attributes>
</scene>