<?xml version="1.0" encoding="utf-8"?>
<scene PGFVersion="0.19" GSCVersion="0.10.5" id="id883420">
  <layers>
    <layer id="id881237">
      <actors>
        <actor id="id360972" prototype="id750574">
          <attributes>
            <point id="position">
              <real id="x">639</real>
              <real id="y">403</real>
            </point>
            <size id="size">
              <real id="width">1280</real>
              <real id="height">800</real>
            </size>
            <angle id="rotation">0</angle>
            <image id="image">BG</image>
            <text id="name">Background Copy 1</text>
          </attributes>
          <aspects>
            <graphics>
              <attributes>
                <integer id="tileWidth" name="tileWidth">0</integer>
                <integer id="tileHeight" name="tileHeight">0</integer>
              </attributes>
            </graphics>
            <motion />
            <physics>
              <attributes />
            </physics>
          </aspects>
        </actor>
        <actor id="id624306" prototype="id921425">
          <attributes>
            <point id="position">
              <real id="x">646.370967741935</real>
              <real id="y">488</real>
            </point>
            <size id="size">
              <real id="width">655</real>
              <real id="height">300</real>
            </size>
            <angle id="rotation">0</angle>
            <image id="image">gameover</image>
            <color id="color">
              <real id="alpha">1</real>
            </color>
          </attributes>
          <behaviors>
            <behavior id="id165393" class="DisplayTextBehavior" enabled="false">
              <attributes>
                <text id="name">Display Text</text>
                <text id="bundleName">DisplayText.behavior</text>
                <text id="text">GAME OVER!!!</text>
                <text id="font">Arial</text>
                <real id="size">100</real>
                <index id="alignment">1</index>
                <boolean id="wrap">false</boolean>
                <color id="color">
                  <real id="red">1</real>
                  <real id="green">0</real>
                  <real id="blue">0</real>
                  <real id="alpha">1</real>
                </color>
              </attributes>
            </behavior>
          </behaviors>
          <aspects>
            <graphics>
              <attributes>
                <integer id="tileWidth" name="tileWidth">0</integer>
                <integer id="tileHeight" name="tileHeight">0</integer>
              </attributes>
            </graphics>
            <motion />
            <physics>
              <attributes />
            </physics>
          </aspects>
        </actor>
        <actor id="id266120" prototype="id921425">
          <attributes>
            <point id="position">
              <real id="x">639.870967741935</real>
              <real id="y">257.5</real>
            </point>
            <size id="size">
              <real id="width">494</real>
              <real id="height">213</real>
            </size>
            <angle id="rotation">0</angle>
            <image id="image">playagain</image>
            <color id="color">
              <real id="alpha">1</real>
            </color>
          </attributes>
          <behaviors>
            <behavior id="id767861" class="DisplayTextBehavior" enabled="false">
              <attributes>
                <text id="name">Display Text</text>
                <text id="bundleName">DisplayText.behavior</text>
                <text id="text">Play Again</text>
                <text id="font">Arial</text>
                <real id="size">70</real>
                <index id="alignment">1</index>
                <boolean id="wrap">false</boolean>
                <color id="color">
                  <real id="red">1</real>
                  <real id="green">1</real>
                  <real id="blue">1</real>
                  <real id="alpha">1</real>
                </color>
              </attributes>
            </behavior>
            <behavior id="id978348" class="RuleBehavior" enabled="true">
              <attributes>
                <text id="name">Rule</text>
                <text id="bundleName">Rule.behavior</text>
                <real id="compoundConditionKind">0</real>
              </attributes>
              <conditions>
                <condition id="id322504" eventType="touch" pluginPredicateTypeIndex="0" class="Touch">
                  <attributes>
                    <text id="name">default name</text>
                    <index id="conditionType">0</index>
                  </attributes>
                  <predicate type="touch" conditionType="pressed">
                    <attributes />
                  </predicate>
                </condition>
              </conditions>
              <behaviors>
                <behavior id="id221113" class="ResetGameAction" enabled="true">
                  <attributes>
                    <text id="name">Reset Game</text>
                    <text id="bundleName">ResetGame.behavior</text>
                    <boolean id="enableAdvertisement">false</boolean>
                  </attributes>
                </behavior>
              </behaviors>
            </behavior>
          </behaviors>
          <aspects>
            <graphics>
              <attributes>
                <integer id="tileWidth" name="tileWidth">0</integer>
                <integer id="tileHeight" name="tileHeight">0</integer>
              </attributes>
            </graphics>
            <motion />
            <physics>
              <attributes />
            </physics>
          </aspects>
        </actor>
      </actors>
      <attributes>
        <text id="name">Background</text>
        <boolean id="scrollable">true</boolean>
      </attributes>
    </layer>
  </layers>
  <attributes>
    <text id="name">Game Over</text>
    <real id="time">0</real>
    <size id="size">
      <real id="width">1280</real>
      <real id="height">800</real>
    </size>
    <boolean id="wrapX">false</boolean>
    <boolean id="wrapY">false</boolean>
    <point id="gravity">
      <real id="x">0</real>
      <real id="y">0</real>
    </point>
    <color id="color">
      <real id="red">0</real>
      <real id="green">0</real>
      <real id="blue">0</real>
      <real id="alpha">1</real>
    </color>
    <rect id="camera">
      <point id="origin">
        <real id="x">0</real>
        <real id="y">0</real>
      </point>
      <size id="size">
        <real id="width">1280</real>
        <real id="height">800</real>
      </size>
      <size id="trackingArea">
        <real id="width">1200</real>
        <real id="height">740</real>
      </size>
      <real id="rotation">0</real>
    </rect>
    <attributes id="autorotate">
      <boolean id="landscapeLeft">true</boolean>
      <boolean id="portrait">false</boolean>
      <boolean id="landscapeRight">false</boolean>
      <boolean id="portraitUpsideDown">false</boolean>
    </attributes>
  </attributes>
</scene>