<?xml version="1.0" encoding="utf-8"?>
<actor id="id951630" PGFVersion="0.19" GSCVersion="0.10.5">
  <attributes>
    <text id="name">Platform right</text>
    <real id="time">0</real>
    <point id="position">
      <real id="x">0</real>
      <real id="y">0</real>
    </point>
    <size id="size">
      <real id="width">250</real>
      <real id="height">70</real>
    </size>
    <angle id="rotation">0</angle>
    <color id="color">
      <real id="red">1</real>
      <real id="green">1</real>
      <real id="blue">1</real>
      <real id="alpha">1</real>
    </color>
    <image id="image">platform2</image>
    <text id="tags">Platforms</text>
    <boolean id="preloadArt">true</boolean>
  </attributes>
  <behaviors>
    <behavior id="id725622" class="TimerBehavior" enabled="true">
      <attributes>
        <text id="name">Timer</text>
        <text id="bundleName">Timer.behavior</text>
        <index id="timerType">0</index>
        <real id="interval">
          <expression>
            <string xml:space="preserve">random(3, 5)</string>
          </expression>
        </real>
        <boolean id="runToCompletion">true</boolean>
      </attributes>
      <behaviors>
        <behavior id="id409002" class="RuleBehavior" enabled="true">
          <attributes>
            <text id="name">Rule</text>
            <text id="bundleName">Rule.behavior</text>
            <real id="compoundConditionKind">0</real>
          </attributes>
          <conditions>
            <condition id="id710156" eventType="mouse position" pluginPredicateTypeIndex="0" class="AttributeCondition">
              <attributes>
                <index id="conditionType">1</index>
                <text id="subjectAttribute">game.attributes.id383490</text>
                <text id="name">default name</text>
              </attributes>
              <predicate type="number">
                <attributes>
                  <text id="operator">=</text>
                  <real id="RHS">3</real>
                </attributes>
              </predicate>
            </condition>
          </conditions>
          <behaviors>
            <behavior id="id448873" class="ChangeAttributeAction" enabled="true">
              <attributes>
                <text id="name">Change Attribute</text>
                <text id="bundleName">ChangeAttribute.behavior</text>
                <text id="targetAttribute">game.attributes.id467557</text>
                <text id="RHS">
                  <expression>
                    <string xml:space="preserve">random(0, 1)</string>
                  </expression>
                </text>
              </attributes>
            </behavior>
          </behaviors>
        </behavior>
        <behavior id="id509698" class="RuleBehavior" enabled="true">
          <attributes>
            <text id="name">spawn biy</text>
            <text id="bundleName">Rule.behavior</text>
            <real id="compoundConditionKind">0</real>
          </attributes>
          <conditions>
            <condition id="id394003" eventType="mouse position" pluginPredicateTypeIndex="0" class="AttributeCondition">
              <attributes>
                <index id="conditionType">1</index>
                <text id="subjectAttribute">game.attributes.id467557</text>
                <text id="name">default name</text>
              </attributes>
              <predicate type="boolean">
                <attributes>
                  <index id="RHS">1</index>
                </attributes>
              </predicate>
            </condition>
          </conditions>
          <behaviors>
            <behavior id="id772650" class="RuleBehavior" enabled="true">
              <attributes>
                <text id="name">Rule</text>
                <text id="bundleName">Rule.behavior</text>
                <real id="compoundConditionKind">0</real>
              </attributes>
              <conditions>
                <condition id="id170999" eventType="mouse position" pluginPredicateTypeIndex="0" class="AttributeCondition">
                  <attributes>
                    <index id="conditionType">1</index>
                    <text id="subjectAttribute">game.attributes.id500973</text>
                    <text id="name">default name</text>
                  </attributes>
                  <predicate type="number">
                    <attributes>
                      <text id="operator">&lt;</text>
                      <real id="RHS">9</real>
                    </attributes>
                  </predicate>
                </condition>
              </conditions>
              <behaviors>
                <behavior id="id618231" class="ChangeAttributeAction" enabled="true">
                  <attributes>
                    <text id="name">Change Attribute</text>
                    <text id="bundleName">ChangeAttribute.behavior</text>
                    <text id="targetAttribute">game.attributes.id787029</text>
                    <text id="RHS">
                      <expression>
                        <string xml:space="preserve">random(1, 3)</string>
                      </expression>
                    </text>
                  </attributes>
                </behavior>
                <behavior id="id643572" class="ChangeAttributeAction" enabled="true">
                  <attributes>
                    <text id="name">Change Attribute</text>
                    <text id="bundleName">ChangeAttribute.behavior</text>
                    <text id="targetAttribute">game.attributes.id500973</text>
                    <text id="RHS">
                      <expression>
                        <reference keypath="game.attributes.id500973" />
                        <string xml:space="preserve">+1</string>
                      </expression>
                    </text>
                  </attributes>
                </behavior>
                <behavior id="id270792" class="RuleBehavior" enabled="true">
                  <attributes>
                    <text id="name">Add in 1st Platform</text>
                    <text id="bundleName">Rule.behavior</text>
                    <real id="compoundConditionKind">0</real>
                  </attributes>
                  <conditions>
                    <condition id="id746796" eventType="mouse position" pluginPredicateTypeIndex="0" class="AttributeCondition">
                      <attributes>
                        <index id="conditionType">1</index>
                        <text id="subjectAttribute">game.attributes.id787029</text>
                        <text id="name">default name</text>
                      </attributes>
                      <predicate type="number">
                        <attributes>
                          <text id="operator">=</text>
                          <real id="RHS">1</real>
                        </attributes>
                      </predicate>
                    </condition>
                  </conditions>
                  <behaviors>
                    <behavior id="id545864" class="SpawnAction" enabled="true">
                      <attributes>
                        <text id="name">Spawn Actor</text>
                        <text id="bundleName">Spawn.behavior</text>
                        <text id="prototypeKey">id185359</text>
                        <angle id="direction">0</angle>
                        <index id="directionSpace">1</index>
                        <real id="x">0</real>
                        <real id="y">110</real>
                        <index id="positionSpace">1</index>
                        <index id="layerOrder">0</index>
                      </attributes>
                    </behavior>
                  </behaviors>
                </behavior>
                <behavior id="id371208" class="RuleBehavior" enabled="true">
                  <attributes>
                    <text id="name">Add in 3rd Platform</text>
                    <text id="bundleName">Rule.behavior</text>
                    <real id="compoundConditionKind">0</real>
                  </attributes>
                  <conditions>
                    <condition id="id165665" eventType="mouse position" pluginPredicateTypeIndex="0" class="AttributeCondition">
                      <attributes>
                        <index id="conditionType">1</index>
                        <text id="subjectAttribute">game.attributes.id787029</text>
                        <text id="name">default name</text>
                      </attributes>
                      <predicate type="number">
                        <attributes>
                          <text id="operator">=</text>
                          <real id="RHS">2</real>
                        </attributes>
                      </predicate>
                    </condition>
                  </conditions>
                  <behaviors>
                    <behavior id="id689541" class="SpawnAction" enabled="true">
                      <attributes>
                        <text id="name">Spawn Actor</text>
                        <text id="bundleName">Spawn.behavior</text>
                        <text id="prototypeKey">id185359</text>
                        <angle id="direction">0</angle>
                        <index id="directionSpace">1</index>
                        <real id="x">0</real>
                        <real id="y">432</real>
                        <index id="positionSpace">1</index>
                        <index id="layerOrder">0</index>
                      </attributes>
                    </behavior>
                  </behaviors>
                </behavior>
                <behavior id="id616903" class="ChangeAttributeAction" enabled="false">
                  <attributes>
                    <text id="name">Change Attribute</text>
                    <text id="bundleName">ChangeAttribute.behavior</text>
                    <text id="targetAttribute">game.attributes.id408982</text>
                    <text id="RHS">1</text>
                  </attributes>
                </behavior>
                <behavior id="id921376" class="RuleBehavior" enabled="true">
                  <attributes>
                    <text id="name">Add 2nd Platform</text>
                    <text id="bundleName">Rule.behavior</text>
                    <real id="compoundConditionKind">0</real>
                  </attributes>
                  <conditions>
                    <condition id="id761966" eventType="mouse position" pluginPredicateTypeIndex="0" class="AttributeCondition">
                      <attributes>
                        <index id="conditionType">1</index>
                        <text id="subjectAttribute">game.attributes.id383490</text>
                        <text id="name">default name</text>
                      </attributes>
                      <predicate type="number">
                        <attributes>
                          <text id="operator">&gt;=</text>
                          <real id="RHS">2</real>
                        </attributes>
                      </predicate>
                    </condition>
                  </conditions>
                  <behaviors>
                    <behavior id="id312199" class="RuleBehavior" enabled="true">
                      <attributes>
                        <text id="name">Rule</text>
                        <text id="bundleName">Rule.behavior</text>
                        <real id="compoundConditionKind">0</real>
                      </attributes>
                      <conditions>
                        <condition id="id845475" eventType="mouse position" pluginPredicateTypeIndex="0" class="AttributeCondition">
                          <attributes>
                            <index id="conditionType">1</index>
                            <text id="subjectAttribute">game.attributes.id787029</text>
                            <text id="name">default name</text>
                          </attributes>
                          <predicate type="number">
                            <attributes>
                              <text id="operator">=</text>
                              <real id="RHS">3</real>
                            </attributes>
                          </predicate>
                        </condition>
                      </conditions>
                      <behaviors>
                        <behavior id="id988264" class="SpawnAction" enabled="true">
                          <attributes>
                            <text id="name">Spawn Actor</text>
                            <text id="bundleName">Spawn.behavior</text>
                            <text id="prototypeKey">id185359</text>
                            <angle id="direction">0</angle>
                            <index id="directionSpace">1</index>
                            <real id="x">0</real>
                            <real id="y">268</real>
                            <index id="positionSpace">1</index>
                            <index id="layerOrder">0</index>
                          </attributes>
                        </behavior>
                      </behaviors>
                    </behavior>
                  </behaviors>
                </behavior>
              </behaviors>
            </behavior>
          </behaviors>
        </behavior>
        <behavior id="id489807" class="RuleBehavior" enabled="true">
          <attributes>
            <text id="name">spawn girl</text>
            <text id="bundleName">Rule.behavior</text>
            <real id="compoundConditionKind">0</real>
          </attributes>
          <conditions>
            <condition id="id335867" eventType="mouse position" pluginPredicateTypeIndex="0" class="AttributeCondition">
              <attributes>
                <index id="conditionType">1</index>
                <text id="subjectAttribute">game.attributes.id467557</text>
                <text id="name">default name</text>
              </attributes>
              <predicate type="boolean">
                <attributes>
                  <index id="RHS">0</index>
                </attributes>
              </predicate>
            </condition>
          </conditions>
          <behaviors>
            <behavior id="id610262" class="RuleBehavior" enabled="true">
              <attributes>
                <text id="name">Add Zombie</text>
                <text id="bundleName">Rule.behavior</text>
                <real id="compoundConditionKind">0</real>
              </attributes>
              <conditions>
                <condition id="id371333" eventType="mouse position" pluginPredicateTypeIndex="0" class="AttributeCondition">
                  <attributes>
                    <index id="conditionType">1</index>
                    <text id="subjectAttribute">game.attributes.id500973</text>
                    <text id="name">default name</text>
                  </attributes>
                  <predicate type="number">
                    <attributes>
                      <text id="operator">&lt;</text>
                      <real id="RHS">9</real>
                    </attributes>
                  </predicate>
                </condition>
              </conditions>
              <behaviors>
                <behavior id="id112719" class="ChangeAttributeAction" enabled="true">
                  <attributes>
                    <text id="name">Change Attribute</text>
                    <text id="bundleName">ChangeAttribute.behavior</text>
                    <text id="targetAttribute">game.attributes.id787029</text>
                    <text id="RHS">
                      <expression>
                        <string xml:space="preserve">random(1, 3)</string>
                      </expression>
                    </text>
                  </attributes>
                </behavior>
                <behavior id="id317742" class="ChangeAttributeAction" enabled="true">
                  <attributes>
                    <text id="name">Change Attribute</text>
                    <text id="bundleName">ChangeAttribute.behavior</text>
                    <text id="targetAttribute">game.attributes.id500973</text>
                    <text id="RHS">
                      <expression>
                        <reference keypath="game.attributes.id500973" />
                        <string xml:space="preserve">+1</string>
                      </expression>
                    </text>
                  </attributes>
                </behavior>
                <behavior id="id999521" class="RuleBehavior" enabled="true">
                  <attributes>
                    <text id="name">Add in 1st Platform</text>
                    <text id="bundleName">Rule.behavior</text>
                    <real id="compoundConditionKind">0</real>
                  </attributes>
                  <conditions>
                    <condition id="id668248" eventType="mouse position" pluginPredicateTypeIndex="0" class="AttributeCondition">
                      <attributes>
                        <index id="conditionType">1</index>
                        <text id="subjectAttribute">game.attributes.id787029</text>
                        <text id="name">default name</text>
                      </attributes>
                      <predicate type="number">
                        <attributes>
                          <text id="operator">=</text>
                          <real id="RHS">1</real>
                        </attributes>
                      </predicate>
                    </condition>
                  </conditions>
                  <behaviors>
                    <behavior id="id230368" class="SpawnAction" enabled="true">
                      <attributes>
                        <text id="name">Spawn Actor</text>
                        <text id="bundleName">Spawn.behavior</text>
                        <text id="prototypeKey">id118027</text>
                        <angle id="direction">0</angle>
                        <index id="directionSpace">1</index>
                        <real id="x">0</real>
                        <real id="y">110</real>
                        <index id="positionSpace">1</index>
                        <index id="layerOrder">0</index>
                      </attributes>
                    </behavior>
                  </behaviors>
                </behavior>
                <behavior id="id787982" class="RuleBehavior" enabled="true">
                  <attributes>
                    <text id="name">Add in 3rd Platform</text>
                    <text id="bundleName">Rule.behavior</text>
                    <real id="compoundConditionKind">0</real>
                  </attributes>
                  <conditions>
                    <condition id="id673678" eventType="mouse position" pluginPredicateTypeIndex="0" class="AttributeCondition">
                      <attributes>
                        <index id="conditionType">1</index>
                        <text id="subjectAttribute">game.attributes.id787029</text>
                        <text id="name">default name</text>
                      </attributes>
                      <predicate type="number">
                        <attributes>
                          <text id="operator">=</text>
                          <real id="RHS">2</real>
                        </attributes>
                      </predicate>
                    </condition>
                  </conditions>
                  <behaviors>
                    <behavior id="id946668" class="SpawnAction" enabled="true">
                      <attributes>
                        <text id="name">Spawn Actor</text>
                        <text id="bundleName">Spawn.behavior</text>
                        <text id="prototypeKey">id118027</text>
                        <angle id="direction">0</angle>
                        <index id="directionSpace">1</index>
                        <real id="x">0</real>
                        <real id="y">432</real>
                        <index id="positionSpace">1</index>
                        <index id="layerOrder">0</index>
                      </attributes>
                    </behavior>
                  </behaviors>
                </behavior>
                <behavior id="id400221" class="ChangeAttributeAction" enabled="false">
                  <attributes>
                    <text id="name">Change Attribute</text>
                    <text id="bundleName">ChangeAttribute.behavior</text>
                    <text id="targetAttribute">game.attributes.id408982</text>
                    <text id="RHS">1</text>
                  </attributes>
                </behavior>
                <behavior id="id626861" class="RuleBehavior" enabled="true">
                  <attributes>
                    <text id="name">Add 2nd Platform</text>
                    <text id="bundleName">Rule.behavior</text>
                    <real id="compoundConditionKind">0</real>
                  </attributes>
                  <conditions>
                    <condition id="id841886" eventType="mouse position" pluginPredicateTypeIndex="0" class="AttributeCondition">
                      <attributes>
                        <index id="conditionType">1</index>
                        <text id="subjectAttribute">game.attributes.id383490</text>
                        <text id="name">default name</text>
                      </attributes>
                      <predicate type="number">
                        <attributes>
                          <text id="operator">&gt;=</text>
                          <real id="RHS">2</real>
                        </attributes>
                      </predicate>
                    </condition>
                  </conditions>
                  <behaviors>
                    <behavior id="id551660" class="RuleBehavior" enabled="true">
                      <attributes>
                        <text id="name">Rule</text>
                        <text id="bundleName">Rule.behavior</text>
                        <real id="compoundConditionKind">0</real>
                      </attributes>
                      <conditions>
                        <condition id="id705466" eventType="mouse position" pluginPredicateTypeIndex="0" class="AttributeCondition">
                          <attributes>
                            <index id="conditionType">1</index>
                            <text id="subjectAttribute">game.attributes.id787029</text>
                            <text id="name">default name</text>
                          </attributes>
                          <predicate type="number">
                            <attributes>
                              <text id="operator">=</text>
                              <real id="RHS">3</real>
                            </attributes>
                          </predicate>
                        </condition>
                      </conditions>
                      <behaviors>
                        <behavior id="id176229" class="SpawnAction" enabled="true">
                          <attributes>
                            <text id="name">Spawn Actor</text>
                            <text id="bundleName">Spawn.behavior</text>
                            <text id="prototypeKey">id118027</text>
                            <angle id="direction">0</angle>
                            <index id="directionSpace">1</index>
                            <real id="x">0</real>
                            <real id="y">268</real>
                            <index id="positionSpace">1</index>
                            <index id="layerOrder">0</index>
                          </attributes>
                        </behavior>
                      </behaviors>
                    </behavior>
                  </behaviors>
                </behavior>
              </behaviors>
            </behavior>
          </behaviors>
        </behavior>
      </behaviors>
    </behavior>
  </behaviors>
  <aspects>
    <graphics>
      <attributes>
        <boolean id="visible">true</boolean>
        <enumeration id="blendingMode">0</enumeration>
        <enumeration id="horizontalWrap">0</enumeration>
        <enumeration id="verticalWrap">0</enumeration>
        <enumeration id="horizontalAnchor">0</enumeration>
        <enumeration id="verticalAnchor">0</enumeration>
        <boolean id="flipHorizontally">false</boolean>
        <boolean id="flipVertically">false</boolean>
        <integer id="tileWidth">0</integer>
        <integer id="tileHeight">0</integer>
      </attributes>
    </graphics>
    <motion>
      <attributes>
        <point id="linearVelocity">
          <real id="x">0</real>
          <real id="y">0</real>
        </point>
        <real id="angularVelocity">0</real>
        <real id="maxSpeed">0</real>
        <boolean id="applyMaxSpeed">false</boolean>
      </attributes>
    </motion>
    <physics>
      <attributes>
        <real id="density">5000</real>
        <real id="friction">0</real>
        <real id="restitution">0</real>
        <boolean id="fixedRotation">true</boolean>
        <boolean id="movable">false</boolean>
        <enumeration id="collisionShape">0</enumeration>
        <real id="drag">0</real>
        <real id="angularDrag">0</real>
      </attributes>
    </physics>
  </aspects>
</actor>