<?xml version="1.0" encoding="utf-8"?>
<actor id="id168069" PGFVersion="0.19" GSCVersion="0.10.5">
  <attributes>
    <text id="name">Canon</text>
    <real id="time">0</real>
    <point id="position">
      <real id="x">0</real>
      <real id="y">0</real>
    </point>
    <size id="size">
      <real id="width">208</real>
      <real id="height">186</real>
    </size>
    <angle id="rotation">0</angle>
    <color id="color">
      <real id="red">1</real>
      <real id="green">1</real>
      <real id="blue">1</real>
      <real id="alpha">1</real>
    </color>
    <image id="image">cannon-01</image>
    <text id="tags" />
    <boolean id="preloadArt">true</boolean>
  </attributes>
  <behaviors>
    <behavior id="id887130" class="RuleBehavior" enabled="true">
      <attributes>
        <text id="name">Rule</text>
        <text id="bundleName">Rule.behavior</text>
        <real id="compoundConditionKind">0</real>
      </attributes>
      <conditions>
        <condition id="id723444" eventType="touch" pluginPredicateTypeIndex="0" class="Touch">
          <attributes>
            <text id="name">default name</text>
            <index id="conditionType">0</index>
          </attributes>
          <predicate type="touch" conditionType="pressed">
            <attributes />
          </predicate>
        </condition>
        <condition id="id661035" eventType="mouse position" pluginPredicateTypeIndex="0" class="AttributeCondition">
          <attributes>
            <index id="conditionType">1</index>
            <text id="subjectAttribute">game.attributes.id426567</text>
            <text id="name">default name</text>
          </attributes>
          <predicate type="boolean">
            <attributes>
              <index id="RHS">0</index>
            </attributes>
          </predicate>
        </condition>
      </conditions>
      <behaviors>
        <behavior id="id572217" class="ChangeAttributeAction" enabled="true">
          <attributes>
            <text id="name">Change Attribute</text>
            <text id="bundleName">ChangeAttribute.behavior</text>
            <text id="targetAttribute">game.attributes.id426567</text>
            <text id="RHS">1</text>
          </attributes>
        </behavior>
        <behavior id="id305321" class="ChangeAttributeAction" enabled="true">
          <attributes>
            <text id="name">Change Attribute</text>
            <text id="bundleName">ChangeAttribute.behavior</text>
            <text id="targetAttribute">self.attributes.color.red</text>
            <text id="RHS">1</text>
          </attributes>
        </behavior>
        <behavior id="id371242" class="SpawnAction" enabled="true">
          <attributes>
            <text id="name">Spawn Actor</text>
            <text id="bundleName">Spawn.behavior</text>
            <text id="prototypeKey">id294323</text>
            <angle id="direction">123.6901</angle>
            <index id="directionSpace">0</index>
            <real id="x">0</real>
            <real id="y">0</real>
            <index id="positionSpace">0</index>
            <index id="layerOrder">1</index>
          </attributes>
        </behavior>
        <behavior id="id254748" class="TimerBehavior" enabled="true">
          <attributes>
            <text id="name">Timer</text>
            <text id="bundleName">Timer.behavior</text>
            <index id="timerType">2</index>
            <real id="interval">2</real>
            <boolean id="runToCompletion">true</boolean>
          </attributes>
          <behaviors>
            <behavior id="id838563" class="AnimateBehavior" enabled="true">
              <attributes>
                <text id="name">Animate</text>
                <text id="bundleName">Animate.behavior</text>
                <text id="images">cannon-01	cannon-02	cannon-03	cannon-04	cannon-05	cannon-06	cannon-07</text>
                <index id="speed">5</index>
                <boolean id="loop">false</boolean>
                <boolean id="restoreActorImage">true</boolean>
              </attributes>
            </behavior>
            <behavior id="id866051" class="InterpolateBehavior" enabled="true">
              <attributes>
                <text id="name">Interpolate</text>
                <text id="bundleName">Interpolate.behavior</text>
                <boolean id="runToCompletion">true</boolean>
                <text id="targetAttribute">self.attributes.color.red</text>
                <real id="finalValue">0</real>
                <real id="duration">2</real>
                <index id="easing">0</index>
              </attributes>
            </behavior>
          </behaviors>
        </behavior>
        <behavior id="id939094" class="TimerBehavior" enabled="true">
          <attributes>
            <text id="name">Timer</text>
            <text id="bundleName">Timer.behavior</text>
            <index id="timerType">1</index>
            <real id="interval">5</real>
            <boolean id="runToCompletion">true</boolean>
          </attributes>
          <behaviors>
            <behavior id="id693384" class="ChangeAttributeAction" enabled="true">
              <attributes>
                <text id="name">Change Attribute</text>
                <text id="bundleName">ChangeAttribute.behavior</text>
                <text id="targetAttribute">game.attributes.id426567</text>
                <text id="RHS">0</text>
              </attributes>
            </behavior>
          </behaviors>
        </behavior>
      </behaviors>
    </behavior>
  </behaviors>
  <aspects>
    <graphics>
      <attributes>
        <boolean id="visible">true</boolean>
        <enumeration id="blendingMode">0</enumeration>
        <enumeration id="horizontalWrap">0</enumeration>
        <enumeration id="verticalWrap">0</enumeration>
        <enumeration id="horizontalAnchor">0</enumeration>
        <enumeration id="verticalAnchor">0</enumeration>
        <boolean id="flipHorizontally">true</boolean>
        <boolean id="flipVertically">false</boolean>
        <integer id="tileWidth">0</integer>
        <integer id="tileHeight">0</integer>
      </attributes>
    </graphics>
    <motion>
      <attributes>
        <point id="linearVelocity">
          <real id="x">0</real>
          <real id="y">0</real>
        </point>
        <real id="angularVelocity">0</real>
        <real id="maxSpeed">0</real>
        <boolean id="applyMaxSpeed">false</boolean>
      </attributes>
    </motion>
    <physics>
      <attributes>
        <real id="density">1</real>
        <real id="friction">3</real>
        <real id="restitution">1</real>
        <boolean id="fixedRotation">false</boolean>
        <boolean id="movable">true</boolean>
        <enumeration id="collisionShape">0</enumeration>
        <real id="drag">0</real>
        <real id="angularDrag">0</real>
      </attributes>
    </physics>
  </aspects>
</actor>