<?xml version="1.0" encoding="utf-8"?>
<actor id="id294323" PGFVersion="0.19" GSCVersion="0.10.5">
  <attributes>
    <text id="name">Canon Ball</text>
    <real id="time">0</real>
    <point id="position">
      <real id="x">0</real>
      <real id="y">0</real>
    </point>
    <size id="size">
      <real id="width">30</real>
      <real id="height">30</real>
    </size>
    <angle id="rotation">0</angle>
    <color id="color">
      <real id="red">1</real>
      <real id="green">1</real>
      <real id="blue">1</real>
      <real id="alpha">1</real>
    </color>
    <image id="image">Cannon_Ball</image>
    <text id="tags" />
    <boolean id="preloadArt">true</boolean>
  </attributes>
  <behaviors>
    <behavior id="id693941" class="CollideBehavior" enabled="true">
      <attributes>
        <text id="name">Collide</text>
        <text id="bundleName">Collide.behavior</text>
        <text id="prototypeKey">id335757</text>
        <text id="actorTag">Platforms</text>
        <index id="mode">1</index>
      </attributes>
    </behavior>
    <behavior id="id924059" class="AccelerateBehavior" enabled="true">
      <attributes>
        <text id="name">Accelerate</text>
        <text id="bundleName">Accelerate.behavior</text>
        <angle id="direction">270</angle>
        <index id="space">0</index>
        <real id="acceleration">100</real>
      </attributes>
    </behavior>
    <behavior id="id195734" class="RuleBehavior" enabled="true">
      <attributes>
        <text id="name">Rule</text>
        <text id="bundleName">Rule.behavior</text>
        <real id="compoundConditionKind">1</real>
      </attributes>
      <conditions>
        <condition id="id253486" eventType="overlaps or collides" pluginPredicateTypeIndex="0" class="Collision">
          <attributes>
            <text id="name">default name</text>
            <index id="conditionType">0</index>
          </attributes>
          <predicate type="collision">
            <attributes>
              <text id="prototypeKey">id185359</text>
              <text id="actorTag" />
              <real id="mode">0</real>
            </attributes>
          </predicate>
        </condition>
        <condition id="id488758" eventType="overlaps or collides" pluginPredicateTypeIndex="0" class="Collision">
          <attributes>
            <text id="name">default name</text>
            <index id="conditionType">0</index>
          </attributes>
          <predicate type="collision">
            <attributes>
              <text id="prototypeKey">id118027</text>
              <text id="actorTag" />
              <real id="mode">0</real>
            </attributes>
          </predicate>
        </condition>
      </conditions>
      <behaviors>
        <behavior id="id896037" class="DestroyAction" enabled="true">
          <attributes>
            <text id="name">Destroy</text>
            <text id="bundleName">Destroy.behavior</text>
          </attributes>
        </behavior>
      </behaviors>
    </behavior>
  </behaviors>
  <aspects>
    <graphics>
      <attributes>
        <boolean id="visible">true</boolean>
        <enumeration id="blendingMode">0</enumeration>
        <enumeration id="horizontalWrap">0</enumeration>
        <enumeration id="verticalWrap">0</enumeration>
        <enumeration id="horizontalAnchor">0</enumeration>
        <enumeration id="verticalAnchor">0</enumeration>
        <boolean id="flipHorizontally">false</boolean>
        <boolean id="flipVertically">false</boolean>
        <integer id="tileWidth">0</integer>
        <integer id="tileHeight">0</integer>
      </attributes>
    </graphics>
    <motion>
      <attributes>
        <point id="linearVelocity">
          <real id="x">0</real>
          <real id="y">0</real>
        </point>
        <real id="angularVelocity">0</real>
        <real id="maxSpeed">0</real>
        <boolean id="applyMaxSpeed">false</boolean>
      </attributes>
    </motion>
    <physics>
      <attributes>
        <real id="density">1</real>
        <real id="friction">3</real>
        <real id="restitution">0</real>
        <boolean id="fixedRotation">true</boolean>
        <boolean id="movable">true</boolean>
        <enumeration id="collisionShape">1</enumeration>
        <real id="drag">0</real>
        <real id="angularDrag">0</real>
      </attributes>
    </physics>
  </aspects>
</actor>