<?xml version="1.0" encoding="utf-8"?>
<actor id="id185359" PGFVersion="0.19" GSCVersion="0.10.5">
  <attributes>
    <text id="name">Zombie Boy</text>
    <real id="time">0</real>
    <point id="position">
      <real id="x">0</real>
      <real id="y">0</real>
    </point>
    <size id="size">
      <real id="width">80</real>
      <real id="height">90</real>
    </size>
    <angle id="rotation">0</angle>
    <color id="color">
      <real id="red">1</real>
      <real id="green">1</real>
      <real id="blue">1</real>
      <real id="alpha">1</real>
    </color>
    <image id="image">Idle (015)</image>
    <text id="tags" />
    <boolean id="preloadArt">true</boolean>
    <real id="id146173" name="Speedtime">0.06</real>
  </attributes>
  <behaviors>
    <behavior id="id845124" class="CompoundBehavior" enabled="true">
      <attributes>
        <text id="name">All</text>
        <text id="bundleName">Group.behavior</text>
      </attributes>
      <behaviors>
        <behavior id="id121290" class="RuleBehavior" enabled="true">
          <attributes>
            <text id="name">Rule</text>
            <text id="bundleName">Rule.behavior</text>
            <real id="compoundConditionKind">0</real>
          </attributes>
          <conditions>
            <condition id="id186704" eventType="mouse position" pluginPredicateTypeIndex="0" class="AttributeCondition">
              <attributes>
                <index id="conditionType">1</index>
                <text id="subjectAttribute">game.attributes.id383490</text>
                <text id="name">default name</text>
              </attributes>
              <predicate type="number">
                <attributes>
                  <text id="operator">&gt;=</text>
                  <real id="RHS">2</real>
                </attributes>
              </predicate>
            </condition>
          </conditions>
          <behaviors>
            <behavior id="id497480" class="ChangeAttributeAction" enabled="true">
              <attributes>
                <text id="name">Change Attribute</text>
                <text id="bundleName">ChangeAttribute.behavior</text>
                <text id="targetAttribute">self.attributes.id146173</text>
                <text id="RHS">
                  <expression>
                    <string xml:space="preserve">random(0.04, 0.06)</string>
                  </expression>
                </text>
              </attributes>
            </behavior>
            <behavior id="id559500" class="TimerBehavior" enabled="false">
              <attributes>
                <text id="name">Timer</text>
                <text id="bundleName">Timer.behavior</text>
                <index id="timerType">0</index>
                <real id="interval">0.06</real>
                <boolean id="runToCompletion">true</boolean>
              </attributes>
              <behaviors>
                <behavior id="id900622" class="ConstrainAttributeBehavior" enabled="true">
                  <attributes>
                    <text id="name">Constrain Attribute</text>
                    <text id="bundleName">ConstrainAttribute.behavior</text>
                    <text id="targetAttribute">self.attributes.position.x</text>
                    <text id="RHS">
                      <expression>
                        <reference keypath="self.attributes.position.x" />
                        <string xml:space="preserve">+2</string>
                      </expression>
                    </text>
                  </attributes>
                </behavior>
              </behaviors>
            </behavior>
          </behaviors>
        </behavior>
        <behavior id="id477669" class="CollideBehavior" enabled="true">
          <attributes>
            <text id="name">Collide</text>
            <text id="bundleName">Collide.behavior</text>
            <text id="prototypeKey">id335757</text>
            <text id="actorTag">Platforms</text>
            <index id="mode">1</index>
          </attributes>
        </behavior>
        <behavior id="id374958" class="RuleBehavior" enabled="true">
          <attributes>
            <text id="name">Attack Wall</text>
            <text id="bundleName">Rule.behavior</text>
            <real id="compoundConditionKind">0</real>
          </attributes>
          <conditions>
            <condition id="id829746" eventType="overlaps or collides" pluginPredicateTypeIndex="0" class="Collision">
              <attributes>
                <text id="name">default name</text>
                <index id="conditionType">0</index>
              </attributes>
              <predicate type="collision">
                <attributes>
                  <text id="prototypeKey">id699565</text>
                  <text id="actorTag" />
                  <real id="mode">0</real>
                </attributes>
              </predicate>
            </condition>
            <condition id="id960977" eventType="mouse position" pluginPredicateTypeIndex="0" class="AttributeCondition">
              <attributes>
                <index id="conditionType">1</index>
                <text id="subjectAttribute">game.attributes.id686833</text>
                <text id="name">default name</text>
              </attributes>
              <predicate type="number">
                <attributes>
                  <text id="operator">&lt;=</text>
                  <real id="RHS">3</real>
                </attributes>
              </predicate>
            </condition>
          </conditions>
          <behaviors>
            <behavior id="id660789" class="ChangeAttributeAction" enabled="true">
              <attributes>
                <text id="name">Change Attribute</text>
                <text id="bundleName">ChangeAttribute.behavior</text>
                <text id="targetAttribute">game.attributes.id500973</text>
                <text id="RHS">
                  <expression>
                    <reference keypath="game.attributes.id500973" />
                    <string xml:space="preserve">-1</string>
                  </expression>
                </text>
              </attributes>
            </behavior>
            <behavior id="id660706" class="AnimateBehavior" enabled="true">
              <attributes>
                <text id="name">Animate</text>
                <text id="bundleName">Animate.behavior</text>
                <text id="images">Attack (1)	Attack (2)	Attack (3)	Attack (4)	Attack (5)	Attack (6)	Attack (7)	Attack (8)</text>
                <index id="speed">3</index>
                <boolean id="loop">true</boolean>
                <boolean id="restoreActorImage">true</boolean>
              </attributes>
            </behavior>
            <behavior id="id574802" class="ConstrainAttributeBehavior" enabled="true">
              <attributes>
                <text id="name">Constrain Attribute</text>
                <text id="bundleName">ConstrainAttribute.behavior</text>
                <text id="targetAttribute">self.attributes.position.x</text>
                <text id="RHS">1250</text>
              </attributes>
            </behavior>
            <behavior id="id362161" class="ChangeAttributeAction" enabled="true">
              <attributes>
                <text id="name">Change Attribute</text>
                <text id="bundleName">ChangeAttribute.behavior</text>
                <text id="targetAttribute">game.attributes.id686833</text>
                <text id="RHS">
                  <expression>
                    <reference keypath="game.attributes.id686833" />
                    <string xml:space="preserve">+1</string>
                  </expression>
                </text>
              </attributes>
            </behavior>
          </behaviors>
        </behavior>
        <behavior id="id190133" class="AnimateBehavior" enabled="true">
          <attributes>
            <text id="name">Animate</text>
            <text id="bundleName">Animate.behavior</text>
            <text id="images">Idle (015)	Walk (01)	Walk (02)	Walk (03)	Walk (04)	Walk (05)	Walk (06)	Walk (07)	Walk (08)	Walk (09)	Walk (010)</text>
            <index id="speed">5</index>
            <boolean id="loop">true</boolean>
            <boolean id="restoreActorImage">true</boolean>
          </attributes>
        </behavior>
        <behavior id="id486294" class="AccelerateBehavior" enabled="true">
          <attributes>
            <text id="name">Accelerate</text>
            <text id="bundleName">Accelerate.behavior</text>
            <angle id="direction">270</angle>
            <index id="space">1</index>
            <real id="acceleration">300</real>
          </attributes>
        </behavior>
        <behavior id="id704964" class="RuleBehavior" enabled="true">
          <attributes>
            <text id="name">Game Over</text>
            <text id="bundleName">Rule.behavior</text>
            <real id="compoundConditionKind">0</real>
          </attributes>
          <conditions>
            <condition id="id450624" eventType="mouse position" pluginPredicateTypeIndex="0" class="AttributeCondition">
              <attributes>
                <index id="conditionType">1</index>
                <text id="subjectAttribute">game.attributes.id686833</text>
                <text id="name">default name</text>
              </attributes>
              <predicate type="number">
                <attributes>
                  <text id="operator">=</text>
                  <real id="RHS">4</real>
                </attributes>
              </predicate>
            </condition>
          </conditions>
          <behaviors>
            <behavior id="id396496" class="ResetSceneAction" enabled="false">
              <attributes>
                <text id="name">Reset Scene</text>
                <text id="bundleName">ResetScene.behavior</text>
                <boolean id="enableAdvertisement">false</boolean>
              </attributes>
            </behavior>
            <behavior id="id774420" class="ChangeSceneAction" enabled="true">
              <attributes>
                <text id="name">Change Scene</text>
                <text id="bundleName">ChangeScene.behavior</text>
                <text id="sceneKey">id883420</text>
                <boolean id="enableAdvertisement">false</boolean>
              </attributes>
            </behavior>
          </behaviors>
        </behavior>
        <behavior id="id925175" class="CompoundBehavior" enabled="true">
          <attributes>
            <text id="name">TRAPS COLLISION</text>
            <text id="bundleName">Group.behavior</text>
          </attributes>
          <behaviors>
            <behavior id="id995090" class="RuleBehavior" enabled="true">
              <attributes>
                <text id="name">Death Zone Collide</text>
                <text id="bundleName">Rule.behavior</text>
                <real id="compoundConditionKind">0</real>
              </attributes>
              <conditions>
                <condition id="id502952" eventType="overlaps or collides" pluginPredicateTypeIndex="0" class="Collision">
                  <attributes>
                    <text id="name">default name</text>
                    <index id="conditionType">0</index>
                  </attributes>
                  <predicate type="collision">
                    <attributes>
                      <text id="prototypeKey">id128994</text>
                      <text id="actorTag" />
                      <real id="mode">0</real>
                    </attributes>
                  </predicate>
                </condition>
              </conditions>
              <behaviors>
                <behavior id="id589113" class="DestroyAction" enabled="true">
                  <attributes>
                    <text id="name">Destroy</text>
                    <text id="bundleName">Destroy.behavior</text>
                  </attributes>
                </behavior>
                <behavior id="id820785" class="ChangeAttributeAction" enabled="true">
                  <attributes>
                    <text id="name">Change Attribute</text>
                    <text id="bundleName">ChangeAttribute.behavior</text>
                    <text id="targetAttribute">game.attributes.id500973</text>
                    <text id="RHS">
                      <expression>
                        <reference keypath="game.attributes.id500973" />
                        <string xml:space="preserve">-1</string>
                      </expression>
                    </text>
                  </attributes>
                </behavior>
              </behaviors>
            </behavior>
            <behavior id="id245485" class="RuleBehavior" enabled="true">
              <attributes>
                <text id="name">Spike Collide</text>
                <text id="bundleName">Rule.behavior</text>
                <real id="compoundConditionKind">0</real>
              </attributes>
              <conditions>
                <condition id="id654020" eventType="mouse position" pluginPredicateTypeIndex="0" class="AttributeCondition">
                  <attributes>
                    <index id="conditionType">1</index>
                    <text id="subjectAttribute">game.attributes.id252048</text>
                    <text id="name">default name</text>
                  </attributes>
                  <predicate type="boolean">
                    <attributes>
                      <index id="RHS">1</index>
                    </attributes>
                  </predicate>
                </condition>
                <condition id="id449217" eventType="overlaps or collides" pluginPredicateTypeIndex="0" class="Collision">
                  <attributes>
                    <text id="name">default name</text>
                    <index id="conditionType">0</index>
                  </attributes>
                  <predicate type="collision">
                    <attributes>
                      <text id="prototypeKey">id461026</text>
                      <text id="actorTag" />
                      <real id="mode">0</real>
                    </attributes>
                  </predicate>
                </condition>
              </conditions>
              <behaviors>
                <behavior id="id212094" class="DestroyAction" enabled="true">
                  <attributes>
                    <text id="name">Destroy</text>
                    <text id="bundleName">Destroy.behavior</text>
                  </attributes>
                </behavior>
                <behavior id="id779842" class="ChangeAttributeAction" enabled="true">
                  <attributes>
                    <text id="name">Change Attribute</text>
                    <text id="bundleName">ChangeAttribute.behavior</text>
                    <text id="targetAttribute">game.attributes.id500973</text>
                    <text id="RHS">
                      <expression>
                        <reference keypath="game.attributes.id500973" />
                        <string xml:space="preserve">-1</string>
                      </expression>
                    </text>
                  </attributes>
                </behavior>
              </behaviors>
            </behavior>
            <behavior id="id178656" class="RuleBehavior" enabled="true">
              <attributes>
                <text id="name">Bear Trap Collide</text>
                <text id="bundleName">Rule.behavior</text>
                <real id="compoundConditionKind">0</real>
              </attributes>
              <conditions>
                <condition id="id658990" eventType="overlaps or collides" pluginPredicateTypeIndex="0" class="Collision">
                  <attributes>
                    <text id="name">default name</text>
                    <index id="conditionType">0</index>
                  </attributes>
                  <predicate type="collision">
                    <attributes>
                      <text id="prototypeKey">id107904</text>
                      <text id="actorTag" />
                      <real id="mode">0</real>
                    </attributes>
                  </predicate>
                </condition>
                <condition id="id196967" eventType="mouse position" pluginPredicateTypeIndex="0" class="AttributeCondition">
                  <attributes>
                    <index id="conditionType">1</index>
                    <text id="subjectAttribute">game.attributes.id662669</text>
                    <text id="name">default name</text>
                  </attributes>
                  <predicate type="boolean">
                    <attributes>
                      <index id="RHS">1</index>
                    </attributes>
                  </predicate>
                </condition>
              </conditions>
              <behaviors>
                <behavior id="id764441" class="DestroyAction" enabled="true">
                  <attributes>
                    <text id="name">Destroy</text>
                    <text id="bundleName">Destroy.behavior</text>
                  </attributes>
                </behavior>
                <behavior id="id204912" class="ChangeAttributeAction" enabled="true">
                  <attributes>
                    <text id="name">Change Attribute</text>
                    <text id="bundleName">ChangeAttribute.behavior</text>
                    <text id="targetAttribute">game.attributes.id500973</text>
                    <text id="RHS">
                      <expression>
                        <reference keypath="game.attributes.id500973" />
                        <string xml:space="preserve">-1</string>
                      </expression>
                    </text>
                  </attributes>
                </behavior>
              </behaviors>
            </behavior>
            <behavior id="id630073" class="RuleBehavior" enabled="true">
              <attributes>
                <text id="name">On Wood</text>
                <text id="bundleName">Rule.behavior</text>
                <real id="compoundConditionKind">0</real>
              </attributes>
              <conditions>
                <condition id="id313788" eventType="overlaps or collides" pluginPredicateTypeIndex="0" class="Collision">
                  <attributes>
                    <text id="name">default name</text>
                    <index id="conditionType">0</index>
                  </attributes>
                  <predicate type="collision">
                    <attributes>
                      <text id="prototypeKey">id885375</text>
                      <text id="actorTag" />
                      <real id="mode">0</real>
                    </attributes>
                  </predicate>
                </condition>
              </conditions>
              <behaviors>
                <behavior id="id402677" class="ChangeAttributeAction" enabled="true">
                  <attributes>
                    <text id="name">Change Attribute</text>
                    <text id="bundleName">ChangeAttribute.behavior</text>
                    <text id="targetAttribute">game.attributes.id281702</text>
                    <text id="RHS">1</text>
                  </attributes>
                </behavior>
              </behaviors>
              <elseBehaviors>
                <behavior id="id115622" class="ChangeAttributeAction" enabled="true">
                  <attributes>
                    <text id="name">Change Attribute</text>
                    <text id="bundleName">ChangeAttribute.behavior</text>
                    <text id="targetAttribute">game.attributes.id281702</text>
                    <text id="RHS">0</text>
                  </attributes>
                </behavior>
              </elseBehaviors>
            </behavior>
            <behavior id="id701852" class="RuleBehavior" enabled="true">
              <attributes>
                <text id="name">Trap Collide</text>
                <text id="bundleName">Rule.behavior</text>
                <real id="compoundConditionKind">0</real>
              </attributes>
              <conditions>
                <condition id="id413737" eventType="overlaps or collides" pluginPredicateTypeIndex="0" class="Collision">
                  <attributes>
                    <text id="name">default name</text>
                    <index id="conditionType">0</index>
                  </attributes>
                  <predicate type="collision">
                    <attributes>
                      <text id="prototypeKey">id894538</text>
                      <text id="actorTag" />
                      <real id="mode">0</real>
                    </attributes>
                  </predicate>
                </condition>
              </conditions>
              <behaviors>
                <behavior id="id591648" class="DestroyAction" enabled="true">
                  <attributes>
                    <text id="name">Destroy</text>
                    <text id="bundleName">Destroy.behavior</text>
                  </attributes>
                </behavior>
                <behavior id="id716043" class="ChangeAttributeAction" enabled="true">
                  <attributes>
                    <text id="name">Change Attribute</text>
                    <text id="bundleName">ChangeAttribute.behavior</text>
                    <text id="targetAttribute">game.attributes.id500973</text>
                    <text id="RHS">
                      <expression>
                        <reference keypath="game.attributes.id500973" />
                        <string xml:space="preserve">-1</string>
                      </expression>
                    </text>
                  </attributes>
                </behavior>
              </behaviors>
            </behavior>
            <behavior id="id515620" class="RuleBehavior" enabled="true">
              <attributes>
                <text id="name">Sharp Trap Collide</text>
                <text id="bundleName">Rule.behavior</text>
                <real id="compoundConditionKind">0</real>
              </attributes>
              <conditions>
                <condition id="id576743" eventType="overlaps or collides" pluginPredicateTypeIndex="0" class="Collision">
                  <attributes>
                    <text id="name">default name</text>
                    <index id="conditionType">0</index>
                  </attributes>
                  <predicate type="collision">
                    <attributes>
                      <text id="prototypeKey">id432069</text>
                      <text id="actorTag" />
                      <real id="mode">0</real>
                    </attributes>
                  </predicate>
                </condition>
                <condition id="id653222" eventType="mouse position" pluginPredicateTypeIndex="0" class="AttributeCondition">
                  <attributes>
                    <index id="conditionType">1</index>
                    <text id="subjectAttribute">game.attributes.id910036</text>
                    <text id="name">default name</text>
                  </attributes>
                  <predicate type="boolean">
                    <attributes>
                      <index id="RHS">1</index>
                    </attributes>
                  </predicate>
                </condition>
              </conditions>
              <behaviors>
                <behavior id="id825327" class="DestroyAction" enabled="true">
                  <attributes>
                    <text id="name">Destroy</text>
                    <text id="bundleName">Destroy.behavior</text>
                  </attributes>
                </behavior>
                <behavior id="id487288" class="ChangeAttributeAction" enabled="true">
                  <attributes>
                    <text id="name">Change Attribute</text>
                    <text id="bundleName">ChangeAttribute.behavior</text>
                    <text id="targetAttribute">game.attributes.id500973</text>
                    <text id="RHS">
                      <expression>
                        <reference keypath="game.attributes.id500973" />
                        <string xml:space="preserve">-1</string>
                      </expression>
                    </text>
                  </attributes>
                </behavior>
              </behaviors>
            </behavior>
            <behavior id="id580485" class="RuleBehavior" enabled="true">
              <attributes>
                <text id="name">Canon Ball Collide</text>
                <text id="bundleName">Rule.behavior</text>
                <real id="compoundConditionKind">0</real>
              </attributes>
              <conditions>
                <condition id="id649506" eventType="overlaps or collides" pluginPredicateTypeIndex="0" class="Collision">
                  <attributes>
                    <text id="name">default name</text>
                    <index id="conditionType">0</index>
                  </attributes>
                  <predicate type="collision">
                    <attributes>
                      <text id="prototypeKey">id294323</text>
                      <text id="actorTag" />
                      <real id="mode">0</real>
                    </attributes>
                  </predicate>
                </condition>
              </conditions>
              <behaviors>
                <behavior id="id574429" class="DestroyAction" enabled="true">
                  <attributes>
                    <text id="name">Destroy</text>
                    <text id="bundleName">Destroy.behavior</text>
                  </attributes>
                </behavior>
                <behavior id="id784449" class="ChangeAttributeAction" enabled="true">
                  <attributes>
                    <text id="name">Change Attribute</text>
                    <text id="bundleName">ChangeAttribute.behavior</text>
                    <text id="targetAttribute">game.attributes.id500973</text>
                    <text id="RHS">
                      <expression>
                        <reference keypath="game.attributes.id500973" />
                        <string xml:space="preserve">-1</string>
                      </expression>
                    </text>
                  </attributes>
                </behavior>
              </behaviors>
            </behavior>
            <behavior id="id857539" class="RuleBehavior" enabled="true">
              <attributes>
                <text id="name">Falling Trap Collide</text>
                <text id="bundleName">Rule.behavior</text>
                <real id="compoundConditionKind">0</real>
              </attributes>
              <conditions>
                <condition id="id839350" eventType="overlaps or collides" pluginPredicateTypeIndex="0" class="Collision">
                  <attributes>
                    <text id="name">default name</text>
                    <index id="conditionType">0</index>
                  </attributes>
                  <predicate type="collision">
                    <attributes>
                      <text id="prototypeKey">id464529</text>
                      <text id="actorTag" />
                      <real id="mode">0</real>
                    </attributes>
                  </predicate>
                </condition>
              </conditions>
              <behaviors>
                <behavior id="id602234" class="DestroyAction" enabled="true">
                  <attributes>
                    <text id="name">Destroy</text>
                    <text id="bundleName">Destroy.behavior</text>
                  </attributes>
                </behavior>
                <behavior id="id738716" class="ChangeAttributeAction" enabled="true">
                  <attributes>
                    <text id="name">Change Attribute</text>
                    <text id="bundleName">ChangeAttribute.behavior</text>
                    <text id="targetAttribute">game.attributes.id500973</text>
                    <text id="RHS">
                      <expression>
                        <reference keypath="game.attributes.id500973" />
                        <string xml:space="preserve">-1</string>
                      </expression>
                    </text>
                  </attributes>
                </behavior>
              </behaviors>
            </behavior>
          </behaviors>
        </behavior>
        <behavior id="id791305" class="TimerBehavior" enabled="true">
          <attributes>
            <text id="name">Moving Zombies</text>
            <text id="bundleName">Timer.behavior</text>
            <index id="timerType">0</index>
            <real id="interval">
              <expression>
                <reference keypath="self.attributes.id146173" />
              </expression>
            </real>
            <boolean id="runToCompletion">true</boolean>
          </attributes>
          <behaviors>
            <behavior id="id761381" class="ConstrainAttributeBehavior" enabled="true">
              <attributes>
                <text id="name">Constrain Attribute</text>
                <text id="bundleName">ConstrainAttribute.behavior</text>
                <text id="targetAttribute">self.attributes.position.x</text>
                <text id="RHS">
                  <expression>
                    <reference keypath="self.attributes.position.x" />
                    <string xml:space="preserve">+2</string>
                  </expression>
                </text>
              </attributes>
            </behavior>
          </behaviors>
        </behavior>
      </behaviors>
    </behavior>
  </behaviors>
  <aspects>
    <graphics>
      <attributes>
        <boolean id="visible">true</boolean>
        <enumeration id="blendingMode">0</enumeration>
        <enumeration id="horizontalWrap">0</enumeration>
        <enumeration id="verticalWrap">0</enumeration>
        <enumeration id="horizontalAnchor">0</enumeration>
        <enumeration id="verticalAnchor">0</enumeration>
        <boolean id="flipHorizontally">false</boolean>
        <boolean id="flipVertically">false</boolean>
        <integer id="tileWidth">0</integer>
        <integer id="tileHeight">0</integer>
      </attributes>
    </graphics>
    <motion>
      <attributes>
        <point id="linearVelocity">
          <real id="x">0</real>
          <real id="y">0</real>
        </point>
        <real id="angularVelocity">0</real>
        <real id="maxSpeed">0</real>
        <boolean id="applyMaxSpeed">false</boolean>
      </attributes>
    </motion>
    <physics>
      <attributes>
        <real id="density">1</real>
        <real id="friction">3</real>
        <real id="restitution">0</real>
        <boolean id="fixedRotation">true</boolean>
        <boolean id="movable">true</boolean>
        <enumeration id="collisionShape">0</enumeration>
        <real id="drag">0</real>
        <real id="angularDrag">0</real>
      </attributes>
    </physics>
  </aspects>
</actor>