<?xml version="1.0" encoding="utf-8"?>
<actor id="id118027" PGFVersion="0.19" GSCVersion="0.10.5">
  <attributes>
    <text id="name">Zombie Girl</text>
    <real id="time">0</real>
    <point id="position">
      <real id="x">0</real>
      <real id="y">0</real>
    </point>
    <size id="size">
      <real id="width">80</real>
      <real id="height">90</real>
    </size>
    <angle id="rotation">0</angle>
    <color id="color">
      <real id="red">1</real>
      <real id="green">1</real>
      <real id="blue">1</real>
      <real id="alpha">1</real>
    </color>
    <image id="image">Walk (1)</image>
    <text id="tags" />
    <boolean id="preloadArt">true</boolean>
    <integer id="id104393" name="Kills">0</integer>
  </attributes>
  <behaviors>
    <behavior id="id727500" class="CompoundBehavior" enabled="true">
      <attributes>
        <text id="name">Group</text>
        <text id="bundleName">Group.behavior</text>
      </attributes>
      <behaviors>
        <behavior id="id637453" class="RuleBehavior" enabled="true">
          <attributes>
            <text id="name">Rule</text>
            <text id="bundleName">Rule.behavior</text>
            <real id="compoundConditionKind">0</real>
          </attributes>
          <conditions>
            <condition id="id640816" eventType="mouse position" pluginPredicateTypeIndex="0" class="AttributeCondition">
              <attributes>
                <index id="conditionType">1</index>
                <text id="subjectAttribute">game.attributes.id383490</text>
                <text id="name">default name</text>
              </attributes>
              <predicate type="number">
                <attributes>
                  <text id="operator">=</text>
                  <real id="RHS">3</real>
                </attributes>
              </predicate>
            </condition>
          </conditions>
          <behaviors>
            <behavior id="id839401" class="ChangeAttributeAction" enabled="true">
              <attributes>
                <text id="name">Change Attribute</text>
                <text id="bundleName">ChangeAttribute.behavior</text>
                <text id="targetAttribute">self.attributes.id146173</text>
                <text id="RHS">
                  <expression>
                    <string xml:space="preserve">random(0.04, 0.06)</string>
                  </expression>
                </text>
              </attributes>
            </behavior>
            <behavior id="id586478" class="TimerBehavior" enabled="false">
              <attributes>
                <text id="name">Timer</text>
                <text id="bundleName">Timer.behavior</text>
                <index id="timerType">0</index>
                <real id="interval">0.06</real>
                <boolean id="runToCompletion">true</boolean>
              </attributes>
              <behaviors>
                <behavior id="id219784" class="ConstrainAttributeBehavior" enabled="true">
                  <attributes>
                    <text id="name">Constrain Attribute</text>
                    <text id="bundleName">ConstrainAttribute.behavior</text>
                    <text id="targetAttribute">self.attributes.position.x</text>
                    <text id="RHS">
                      <expression>
                        <reference keypath="self.attributes.position.x" />
                        <string xml:space="preserve">+2</string>
                      </expression>
                    </text>
                  </attributes>
                </behavior>
              </behaviors>
            </behavior>
          </behaviors>
        </behavior>
        <behavior id="id656763" class="CollideBehavior" enabled="true">
          <attributes>
            <text id="name">Collide</text>
            <text id="bundleName">Collide.behavior</text>
            <text id="prototypeKey">id335757</text>
            <text id="actorTag">Platforms</text>
            <index id="mode">1</index>
          </attributes>
        </behavior>
        <behavior id="id243585" class="RuleBehavior" enabled="true">
          <attributes>
            <text id="name">Attack Wall</text>
            <text id="bundleName">Rule.behavior</text>
            <real id="compoundConditionKind">0</real>
          </attributes>
          <conditions>
            <condition id="id147333" eventType="overlaps or collides" pluginPredicateTypeIndex="0" class="Collision">
              <attributes>
                <text id="name">default name</text>
                <index id="conditionType">0</index>
              </attributes>
              <predicate type="collision">
                <attributes>
                  <text id="prototypeKey">id699565</text>
                  <text id="actorTag" />
                  <real id="mode">0</real>
                </attributes>
              </predicate>
            </condition>
            <condition id="id367586" eventType="mouse position" pluginPredicateTypeIndex="0" class="AttributeCondition">
              <attributes>
                <index id="conditionType">1</index>
                <text id="subjectAttribute">game.attributes.id686833</text>
                <text id="name">default name</text>
              </attributes>
              <predicate type="number">
                <attributes>
                  <text id="operator">&lt;=</text>
                  <real id="RHS">3</real>
                </attributes>
              </predicate>
            </condition>
          </conditions>
          <behaviors>
            <behavior id="id476180" class="ChangeAttributeAction" enabled="true">
              <attributes>
                <text id="name">Change Attribute</text>
                <text id="bundleName">ChangeAttribute.behavior</text>
                <text id="targetAttribute">game.attributes.id500973</text>
                <text id="RHS">
                  <expression>
                    <reference keypath="game.attributes.id500973" />
                    <string xml:space="preserve">-1</string>
                  </expression>
                </text>
              </attributes>
            </behavior>
            <behavior id="id393795" class="AnimateBehavior" enabled="true">
              <attributes>
                <text id="name">Animate</text>
                <text id="bundleName">Animate.behavior</text>
                <text id="images">Attack (01)	Attack (02)	Attack (03)	Attack (04)	Attack (05)	Attack (06)	Attack (07)	Attack (08)</text>
                <index id="speed">3</index>
                <boolean id="loop">true</boolean>
                <boolean id="restoreActorImage">true</boolean>
              </attributes>
            </behavior>
            <behavior id="id692070" class="ConstrainAttributeBehavior" enabled="true">
              <attributes>
                <text id="name">Constrain Attribute</text>
                <text id="bundleName">ConstrainAttribute.behavior</text>
                <text id="targetAttribute">self.attributes.position.x</text>
                <text id="RHS">1250</text>
              </attributes>
            </behavior>
            <behavior id="id440331" class="ChangeAttributeAction" enabled="true">
              <attributes>
                <text id="name">Change Attribute</text>
                <text id="bundleName">ChangeAttribute.behavior</text>
                <text id="targetAttribute">game.attributes.id686833</text>
                <text id="RHS">
                  <expression>
                    <reference keypath="game.attributes.id686833" />
                    <string xml:space="preserve">+1</string>
                  </expression>
                </text>
              </attributes>
            </behavior>
          </behaviors>
        </behavior>
        <behavior id="id542907" class="AnimateBehavior" enabled="true">
          <attributes>
            <text id="name">Animate</text>
            <text id="bundleName">Animate.behavior</text>
            <text id="images">Walk (1)	Walk (2)	Walk (3)	Walk (4)	Walk (5)	Walk (6)	Walk (7)	Walk (8)	Walk (9)	Walk (10)</text>
            <index id="speed">5</index>
            <boolean id="loop">true</boolean>
            <boolean id="restoreActorImage">true</boolean>
          </attributes>
        </behavior>
        <behavior id="id716480" class="AccelerateBehavior" enabled="true">
          <attributes>
            <text id="name">Accelerate</text>
            <text id="bundleName">Accelerate.behavior</text>
            <angle id="direction">270</angle>
            <index id="space">1</index>
            <real id="acceleration">300</real>
          </attributes>
        </behavior>
        <behavior id="id724541" class="RuleBehavior" enabled="true">
          <attributes>
            <text id="name">Game Over</text>
            <text id="bundleName">Rule.behavior</text>
            <real id="compoundConditionKind">0</real>
          </attributes>
          <conditions>
            <condition id="id249897" eventType="mouse position" pluginPredicateTypeIndex="0" class="AttributeCondition">
              <attributes>
                <index id="conditionType">1</index>
                <text id="subjectAttribute">game.attributes.id686833</text>
                <text id="name">default name</text>
              </attributes>
              <predicate type="number">
                <attributes>
                  <text id="operator">=</text>
                  <real id="RHS">4</real>
                </attributes>
              </predicate>
            </condition>
          </conditions>
          <behaviors>
            <behavior id="id462707" class="ResetSceneAction" enabled="false">
              <attributes>
                <text id="name">Reset Scene</text>
                <text id="bundleName">ResetScene.behavior</text>
                <boolean id="enableAdvertisement">false</boolean>
              </attributes>
            </behavior>
            <behavior id="id397759" class="ChangeSceneAction" enabled="true">
              <attributes>
                <text id="name">Change Scene</text>
                <text id="bundleName">ChangeScene.behavior</text>
                <text id="sceneKey">id883420</text>
                <boolean id="enableAdvertisement">false</boolean>
              </attributes>
            </behavior>
          </behaviors>
        </behavior>
        <behavior id="id516254" class="CompoundBehavior" enabled="true">
          <attributes>
            <text id="name">TRAPS COLLISION</text>
            <text id="bundleName">Group.behavior</text>
          </attributes>
          <behaviors>
            <behavior id="id249399" class="RuleBehavior" enabled="true">
              <attributes>
                <text id="name">Death Zone Collide</text>
                <text id="bundleName">Rule.behavior</text>
                <real id="compoundConditionKind">0</real>
              </attributes>
              <conditions>
                <condition id="id387575" eventType="overlaps or collides" pluginPredicateTypeIndex="0" class="Collision">
                  <attributes>
                    <text id="name">default name</text>
                    <index id="conditionType">0</index>
                  </attributes>
                  <predicate type="collision">
                    <attributes>
                      <text id="prototypeKey">id128994</text>
                      <text id="actorTag" />
                      <real id="mode">0</real>
                    </attributes>
                  </predicate>
                </condition>
              </conditions>
              <behaviors>
                <behavior id="id689187" class="DestroyAction" enabled="true">
                  <attributes>
                    <text id="name">Destroy</text>
                    <text id="bundleName">Destroy.behavior</text>
                  </attributes>
                </behavior>
                <behavior id="id287319" class="ChangeAttributeAction" enabled="true">
                  <attributes>
                    <text id="name">Change Attribute</text>
                    <text id="bundleName">ChangeAttribute.behavior</text>
                    <text id="targetAttribute">game.attributes.id500973</text>
                    <text id="RHS">
                      <expression>
                        <reference keypath="game.attributes.id500973" />
                        <string xml:space="preserve">-1</string>
                      </expression>
                    </text>
                  </attributes>
                </behavior>
              </behaviors>
            </behavior>
            <behavior id="id661865" class="RuleBehavior" enabled="true">
              <attributes>
                <text id="name">Spike Collide</text>
                <text id="bundleName">Rule.behavior</text>
                <real id="compoundConditionKind">0</real>
              </attributes>
              <conditions>
                <condition id="id492283" eventType="mouse position" pluginPredicateTypeIndex="0" class="AttributeCondition">
                  <attributes>
                    <index id="conditionType">1</index>
                    <text id="subjectAttribute">game.attributes.id252048</text>
                    <text id="name">default name</text>
                  </attributes>
                  <predicate type="boolean">
                    <attributes>
                      <index id="RHS">1</index>
                    </attributes>
                  </predicate>
                </condition>
                <condition id="id641670" eventType="overlaps or collides" pluginPredicateTypeIndex="0" class="Collision">
                  <attributes>
                    <text id="name">default name</text>
                    <index id="conditionType">0</index>
                  </attributes>
                  <predicate type="collision">
                    <attributes>
                      <text id="prototypeKey">id461026</text>
                      <text id="actorTag" />
                      <real id="mode">0</real>
                    </attributes>
                  </predicate>
                </condition>
              </conditions>
              <behaviors>
                <behavior id="id452578" class="RuleBehavior" enabled="true">
                  <attributes>
                    <text id="name">Rule</text>
                    <text id="bundleName">Rule.behavior</text>
                    <real id="compoundConditionKind">0</real>
                  </attributes>
                  <conditions>
                    <condition id="id621813" eventType="mouse position" pluginPredicateTypeIndex="0" class="AttributeCondition">
                      <attributes>
                        <index id="conditionType">1</index>
                        <text id="subjectAttribute">self.attributes.id104393</text>
                        <text id="name">default name</text>
                      </attributes>
                      <predicate type="number">
                        <attributes>
                          <text id="operator">&lt;</text>
                          <real id="RHS">1</real>
                        </attributes>
                      </predicate>
                    </condition>
                  </conditions>
                  <behaviors>
                    <behavior id="id149568" class="ChangeAttributeAction" enabled="true">
                      <attributes>
                        <text id="name">Change Attribute</text>
                        <text id="bundleName">ChangeAttribute.behavior</text>
                        <text id="targetAttribute">self.attributes.id104393</text>
                        <text id="RHS">1</text>
                      </attributes>
                    </behavior>
                  </behaviors>
                  <elseBehaviors>
                    <behavior id="id302209" class="DestroyAction" enabled="true">
                      <attributes>
                        <text id="name">Destroy</text>
                        <text id="bundleName">Destroy.behavior</text>
                      </attributes>
                    </behavior>
                    <behavior id="id690966" class="ChangeAttributeAction" enabled="true">
                      <attributes>
                        <text id="name">Change Attribute</text>
                        <text id="bundleName">ChangeAttribute.behavior</text>
                        <text id="targetAttribute">game.attributes.id500973</text>
                        <text id="RHS">
                          <expression>
                            <reference keypath="game.attributes.id500973" />
                            <string xml:space="preserve">-1</string>
                          </expression>
                        </text>
                      </attributes>
                    </behavior>
                  </elseBehaviors>
                </behavior>
              </behaviors>
            </behavior>
            <behavior id="id332930" class="RuleBehavior" enabled="true">
              <attributes>
                <text id="name">Bear Trap Collide</text>
                <text id="bundleName">Rule.behavior</text>
                <real id="compoundConditionKind">0</real>
              </attributes>
              <conditions>
                <condition id="id710966" eventType="overlaps or collides" pluginPredicateTypeIndex="0" class="Collision">
                  <attributes>
                    <text id="name">default name</text>
                    <index id="conditionType">0</index>
                  </attributes>
                  <predicate type="collision">
                    <attributes>
                      <text id="prototypeKey">id107904</text>
                      <text id="actorTag" />
                      <real id="mode">0</real>
                    </attributes>
                  </predicate>
                </condition>
                <condition id="id331164" eventType="mouse position" pluginPredicateTypeIndex="0" class="AttributeCondition">
                  <attributes>
                    <index id="conditionType">1</index>
                    <text id="subjectAttribute">game.attributes.id662669</text>
                    <text id="name">default name</text>
                  </attributes>
                  <predicate type="boolean">
                    <attributes>
                      <index id="RHS">1</index>
                    </attributes>
                  </predicate>
                </condition>
              </conditions>
              <behaviors>
                <behavior id="id791620" class="RuleBehavior" enabled="true">
                  <attributes>
                    <text id="name">Rule</text>
                    <text id="bundleName">Rule.behavior</text>
                    <real id="compoundConditionKind">0</real>
                  </attributes>
                  <conditions>
                    <condition id="id318289" eventType="mouse position" pluginPredicateTypeIndex="0" class="AttributeCondition">
                      <attributes>
                        <index id="conditionType">1</index>
                        <text id="subjectAttribute">self.attributes.id104393</text>
                        <text id="name">default name</text>
                      </attributes>
                      <predicate type="number">
                        <attributes>
                          <text id="operator">&lt;</text>
                          <real id="RHS">1</real>
                        </attributes>
                      </predicate>
                    </condition>
                  </conditions>
                  <behaviors>
                    <behavior id="id246635" class="ChangeAttributeAction" enabled="true">
                      <attributes>
                        <text id="name">Change Attribute</text>
                        <text id="bundleName">ChangeAttribute.behavior</text>
                        <text id="targetAttribute">self.attributes.id104393</text>
                        <text id="RHS">1</text>
                      </attributes>
                    </behavior>
                  </behaviors>
                  <elseBehaviors>
                    <behavior id="id712418" class="DestroyAction" enabled="true">
                      <attributes>
                        <text id="name">Destroy</text>
                        <text id="bundleName">Destroy.behavior</text>
                      </attributes>
                    </behavior>
                    <behavior id="id817692" class="ChangeAttributeAction" enabled="true">
                      <attributes>
                        <text id="name">Change Attribute</text>
                        <text id="bundleName">ChangeAttribute.behavior</text>
                        <text id="targetAttribute">game.attributes.id500973</text>
                        <text id="RHS">
                          <expression>
                            <reference keypath="game.attributes.id500973" />
                            <string xml:space="preserve">-1</string>
                          </expression>
                        </text>
                      </attributes>
                    </behavior>
                  </elseBehaviors>
                </behavior>
              </behaviors>
            </behavior>
            <behavior id="id218268" class="RuleBehavior" enabled="true">
              <attributes>
                <text id="name">On Wood</text>
                <text id="bundleName">Rule.behavior</text>
                <real id="compoundConditionKind">0</real>
              </attributes>
              <conditions>
                <condition id="id901627" eventType="overlaps or collides" pluginPredicateTypeIndex="0" class="Collision">
                  <attributes>
                    <text id="name">default name</text>
                    <index id="conditionType">0</index>
                  </attributes>
                  <predicate type="collision">
                    <attributes>
                      <text id="prototypeKey">id885375</text>
                      <text id="actorTag" />
                      <real id="mode">0</real>
                    </attributes>
                  </predicate>
                </condition>
              </conditions>
              <behaviors>
                <behavior id="id384490" class="ChangeAttributeAction" enabled="true">
                  <attributes>
                    <text id="name">Change Attribute</text>
                    <text id="bundleName">ChangeAttribute.behavior</text>
                    <text id="targetAttribute">game.attributes.id281702</text>
                    <text id="RHS">1</text>
                  </attributes>
                </behavior>
              </behaviors>
              <elseBehaviors>
                <behavior id="id329863" class="ChangeAttributeAction" enabled="true">
                  <attributes>
                    <text id="name">Change Attribute</text>
                    <text id="bundleName">ChangeAttribute.behavior</text>
                    <text id="targetAttribute">game.attributes.id281702</text>
                    <text id="RHS">0</text>
                  </attributes>
                </behavior>
              </elseBehaviors>
            </behavior>
            <behavior id="id738785" class="RuleBehavior" enabled="true">
              <attributes>
                <text id="name">Trap Collide</text>
                <text id="bundleName">Rule.behavior</text>
                <real id="compoundConditionKind">0</real>
              </attributes>
              <conditions>
                <condition id="id998096" eventType="overlaps or collides" pluginPredicateTypeIndex="0" class="Collision">
                  <attributes>
                    <text id="name">default name</text>
                    <index id="conditionType">0</index>
                  </attributes>
                  <predicate type="collision">
                    <attributes>
                      <text id="prototypeKey">id894538</text>
                      <text id="actorTag" />
                      <real id="mode">0</real>
                    </attributes>
                  </predicate>
                </condition>
              </conditions>
              <behaviors>
                <behavior id="id362722" class="RuleBehavior" enabled="true">
                  <attributes>
                    <text id="name">Rule</text>
                    <text id="bundleName">Rule.behavior</text>
                    <real id="compoundConditionKind">0</real>
                  </attributes>
                  <conditions>
                    <condition id="id970362" eventType="mouse position" pluginPredicateTypeIndex="0" class="AttributeCondition">
                      <attributes>
                        <index id="conditionType">1</index>
                        <text id="subjectAttribute">self.attributes.id104393</text>
                        <text id="name">default name</text>
                      </attributes>
                      <predicate type="number">
                        <attributes>
                          <text id="operator">&lt;</text>
                          <real id="RHS">1</real>
                        </attributes>
                      </predicate>
                    </condition>
                  </conditions>
                  <behaviors>
                    <behavior id="id450571" class="ChangeAttributeAction" enabled="true">
                      <attributes>
                        <text id="name">Change Attribute</text>
                        <text id="bundleName">ChangeAttribute.behavior</text>
                        <text id="targetAttribute">self.attributes.id104393</text>
                        <text id="RHS">1</text>
                      </attributes>
                    </behavior>
                  </behaviors>
                  <elseBehaviors>
                    <behavior id="id706104" class="DestroyAction" enabled="true">
                      <attributes>
                        <text id="name">Destroy</text>
                        <text id="bundleName">Destroy.behavior</text>
                      </attributes>
                    </behavior>
                    <behavior id="id679131" class="ChangeAttributeAction" enabled="true">
                      <attributes>
                        <text id="name">Change Attribute</text>
                        <text id="bundleName">ChangeAttribute.behavior</text>
                        <text id="targetAttribute">game.attributes.id500973</text>
                        <text id="RHS">
                          <expression>
                            <reference keypath="game.attributes.id500973" />
                            <string xml:space="preserve">-1</string>
                          </expression>
                        </text>
                      </attributes>
                    </behavior>
                  </elseBehaviors>
                </behavior>
              </behaviors>
            </behavior>
            <behavior id="id981049" class="RuleBehavior" enabled="true">
              <attributes>
                <text id="name">Sharp Trap Collide</text>
                <text id="bundleName">Rule.behavior</text>
                <real id="compoundConditionKind">0</real>
              </attributes>
              <conditions>
                <condition id="id355143" eventType="overlaps or collides" pluginPredicateTypeIndex="0" class="Collision">
                  <attributes>
                    <text id="name">default name</text>
                    <index id="conditionType">0</index>
                  </attributes>
                  <predicate type="collision">
                    <attributes>
                      <text id="prototypeKey">id432069</text>
                      <text id="actorTag" />
                      <real id="mode">0</real>
                    </attributes>
                  </predicate>
                </condition>
                <condition id="id799400" eventType="mouse position" pluginPredicateTypeIndex="0" class="AttributeCondition">
                  <attributes>
                    <index id="conditionType">1</index>
                    <text id="subjectAttribute">game.attributes.id910036</text>
                    <text id="name">default name</text>
                  </attributes>
                  <predicate type="boolean">
                    <attributes>
                      <index id="RHS">1</index>
                    </attributes>
                  </predicate>
                </condition>
              </conditions>
              <behaviors>
                <behavior id="id579091" class="RuleBehavior" enabled="true">
                  <attributes>
                    <text id="name">Rule</text>
                    <text id="bundleName">Rule.behavior</text>
                    <real id="compoundConditionKind">0</real>
                  </attributes>
                  <conditions>
                    <condition id="id458440" eventType="mouse position" pluginPredicateTypeIndex="0" class="AttributeCondition">
                      <attributes>
                        <index id="conditionType">1</index>
                        <text id="subjectAttribute">self.attributes.id104393</text>
                        <text id="name">default name</text>
                      </attributes>
                      <predicate type="number">
                        <attributes>
                          <text id="operator">&lt;</text>
                          <real id="RHS">1</real>
                        </attributes>
                      </predicate>
                    </condition>
                  </conditions>
                  <behaviors>
                    <behavior id="id405513" class="ChangeAttributeAction" enabled="true">
                      <attributes>
                        <text id="name">Change Attribute</text>
                        <text id="bundleName">ChangeAttribute.behavior</text>
                        <text id="targetAttribute">self.attributes.id104393</text>
                        <text id="RHS">1</text>
                      </attributes>
                    </behavior>
                  </behaviors>
                  <elseBehaviors>
                    <behavior id="id429086" class="DestroyAction" enabled="true">
                      <attributes>
                        <text id="name">Destroy</text>
                        <text id="bundleName">Destroy.behavior</text>
                      </attributes>
                    </behavior>
                    <behavior id="id588448" class="ChangeAttributeAction" enabled="true">
                      <attributes>
                        <text id="name">Change Attribute</text>
                        <text id="bundleName">ChangeAttribute.behavior</text>
                        <text id="targetAttribute">game.attributes.id500973</text>
                        <text id="RHS">
                          <expression>
                            <reference keypath="game.attributes.id500973" />
                            <string xml:space="preserve">-1</string>
                          </expression>
                        </text>
                      </attributes>
                    </behavior>
                  </elseBehaviors>
                </behavior>
              </behaviors>
            </behavior>
            <behavior id="id122771" class="RuleBehavior" enabled="true">
              <attributes>
                <text id="name">Canon Ball Collide</text>
                <text id="bundleName">Rule.behavior</text>
                <real id="compoundConditionKind">0</real>
              </attributes>
              <conditions>
                <condition id="id236599" eventType="overlaps or collides" pluginPredicateTypeIndex="0" class="Collision">
                  <attributes>
                    <text id="name">default name</text>
                    <index id="conditionType">0</index>
                  </attributes>
                  <predicate type="collision">
                    <attributes>
                      <text id="prototypeKey">id294323</text>
                      <text id="actorTag" />
                      <real id="mode">0</real>
                    </attributes>
                  </predicate>
                </condition>
              </conditions>
              <behaviors>
                <behavior id="id146592" class="RuleBehavior" enabled="true">
                  <attributes>
                    <text id="name">Rule</text>
                    <text id="bundleName">Rule.behavior</text>
                    <real id="compoundConditionKind">0</real>
                  </attributes>
                  <conditions>
                    <condition id="id443117" eventType="mouse position" pluginPredicateTypeIndex="0" class="AttributeCondition">
                      <attributes>
                        <index id="conditionType">1</index>
                        <text id="subjectAttribute">self.attributes.id104393</text>
                        <text id="name">default name</text>
                      </attributes>
                      <predicate type="number">
                        <attributes>
                          <text id="operator">&lt;</text>
                          <real id="RHS">1</real>
                        </attributes>
                      </predicate>
                    </condition>
                  </conditions>
                  <behaviors>
                    <behavior id="id330989" class="ChangeAttributeAction" enabled="true">
                      <attributes>
                        <text id="name">Change Attribute</text>
                        <text id="bundleName">ChangeAttribute.behavior</text>
                        <text id="targetAttribute">self.attributes.id104393</text>
                        <text id="RHS">1</text>
                      </attributes>
                    </behavior>
                  </behaviors>
                  <elseBehaviors>
                    <behavior id="id382070" class="DestroyAction" enabled="true">
                      <attributes>
                        <text id="name">Destroy</text>
                        <text id="bundleName">Destroy.behavior</text>
                      </attributes>
                    </behavior>
                    <behavior id="id906765" class="ChangeAttributeAction" enabled="true">
                      <attributes>
                        <text id="name">Change Attribute</text>
                        <text id="bundleName">ChangeAttribute.behavior</text>
                        <text id="targetAttribute">game.attributes.id500973</text>
                        <text id="RHS">
                          <expression>
                            <reference keypath="game.attributes.id500973" />
                            <string xml:space="preserve">-1</string>
                          </expression>
                        </text>
                      </attributes>
                    </behavior>
                  </elseBehaviors>
                </behavior>
              </behaviors>
            </behavior>
            <behavior id="id213679" class="RuleBehavior" enabled="true">
              <attributes>
                <text id="name">Falling Trap Collide</text>
                <text id="bundleName">Rule.behavior</text>
                <real id="compoundConditionKind">0</real>
              </attributes>
              <conditions>
                <condition id="id642373" eventType="overlaps or collides" pluginPredicateTypeIndex="0" class="Collision">
                  <attributes>
                    <text id="name">default name</text>
                    <index id="conditionType">0</index>
                  </attributes>
                  <predicate type="collision">
                    <attributes>
                      <text id="prototypeKey">id464529</text>
                      <text id="actorTag" />
                      <real id="mode">0</real>
                    </attributes>
                  </predicate>
                </condition>
              </conditions>
              <behaviors>
                <behavior id="id664702" class="DestroyAction" enabled="true">
                  <attributes>
                    <text id="name">Destroy</text>
                    <text id="bundleName">Destroy.behavior</text>
                  </attributes>
                </behavior>
                <behavior id="id138206" class="ChangeAttributeAction" enabled="true">
                  <attributes>
                    <text id="name">Change Attribute</text>
                    <text id="bundleName">ChangeAttribute.behavior</text>
                    <text id="targetAttribute">game.attributes.id500973</text>
                    <text id="RHS">
                      <expression>
                        <reference keypath="game.attributes.id500973" />
                        <string xml:space="preserve">-1</string>
                      </expression>
                    </text>
                  </attributes>
                </behavior>
              </behaviors>
            </behavior>
          </behaviors>
        </behavior>
        <behavior id="id690002" class="TimerBehavior" enabled="true">
          <attributes>
            <text id="name">Moving Zombies</text>
            <text id="bundleName">Timer.behavior</text>
            <index id="timerType">0</index>
            <real id="interval">0.06</real>
            <boolean id="runToCompletion">true</boolean>
          </attributes>
          <behaviors>
            <behavior id="id453497" class="ConstrainAttributeBehavior" enabled="true">
              <attributes>
                <text id="name">Constrain Attribute</text>
                <text id="bundleName">ConstrainAttribute.behavior</text>
                <text id="targetAttribute">self.attributes.position.x</text>
                <text id="RHS">
                  <expression>
                    <reference keypath="self.attributes.position.x" />
                    <string xml:space="preserve">+2</string>
                  </expression>
                </text>
              </attributes>
            </behavior>
          </behaviors>
        </behavior>
      </behaviors>
    </behavior>
  </behaviors>
  <aspects>
    <graphics>
      <attributes>
        <boolean id="visible">true</boolean>
        <enumeration id="blendingMode">0</enumeration>
        <enumeration id="horizontalWrap">0</enumeration>
        <enumeration id="verticalWrap">0</enumeration>
        <enumeration id="horizontalAnchor">0</enumeration>
        <enumeration id="verticalAnchor">0</enumeration>
        <boolean id="flipHorizontally">false</boolean>
        <boolean id="flipVertically">false</boolean>
        <integer id="tileWidth">0</integer>
        <integer id="tileHeight">0</integer>
      </attributes>
    </graphics>
    <motion>
      <attributes>
        <point id="linearVelocity">
          <real id="x">0</real>
          <real id="y">0</real>
        </point>
        <real id="angularVelocity">0</real>
        <real id="maxSpeed">0</real>
        <boolean id="applyMaxSpeed">false</boolean>
      </attributes>
    </motion>
    <physics>
      <attributes>
        <real id="density">1</real>
        <real id="friction">3</real>
        <real id="restitution">0</real>
        <boolean id="fixedRotation">true</boolean>
        <boolean id="movable">true</boolean>
        <enumeration id="collisionShape">0</enumeration>
        <real id="drag">0</real>
        <real id="angularDrag">0</real>
      </attributes>
    </physics>
  </aspects>
</actor>