<?xml version="1.0" encoding="utf-8"?>
<actor id="id461026" PGFVersion="0.19" GSCVersion="0.10.5">
  <attributes>
    <text id="name">Spike</text>
    <real id="time">0</real>
    <point id="position">
      <real id="x">0</real>
      <real id="y">0</real>
    </point>
    <size id="size">
      <real id="width">167</real>
      <real id="height">353</real>
    </size>
    <angle id="rotation">0</angle>
    <color id="color">
      <real id="red">1</real>
      <real id="green">1</real>
      <real id="blue">1</real>
      <real id="alpha">1</real>
    </color>
    <image id="image">spikeobstacle-01</image>
    <text id="tags" />
    <boolean id="preloadArt">true</boolean>
  </attributes>
  <behaviors>
    <behavior id="id453277" class="RuleBehavior" enabled="true">
      <attributes>
        <text id="name">Rule</text>
        <text id="bundleName">Rule.behavior</text>
        <real id="compoundConditionKind">0</real>
      </attributes>
      <conditions>
        <condition id="id658373" eventType="touch" pluginPredicateTypeIndex="0" class="Touch">
          <attributes>
            <text id="name">default name</text>
            <index id="conditionType">0</index>
          </attributes>
          <predicate type="touch" conditionType="pressed">
            <attributes />
          </predicate>
        </condition>
        <condition id="id890284" eventType="mouse position" pluginPredicateTypeIndex="0" class="AttributeCondition">
          <attributes>
            <index id="conditionType">1</index>
            <text id="subjectAttribute">game.attributes.id283131</text>
            <text id="name">default name</text>
          </attributes>
          <predicate type="number">
            <attributes>
              <text id="operator">&lt;</text>
              <real id="RHS">1</real>
            </attributes>
          </predicate>
        </condition>
      </conditions>
      <behaviors>
        <behavior id="id165862" class="ChangeAttributeAction" enabled="true">
          <attributes>
            <text id="name">Change Attribute</text>
            <text id="bundleName">ChangeAttribute.behavior</text>
            <text id="targetAttribute">game.attributes.id283131</text>
            <text id="RHS">
              <expression>
                <reference keypath="game.attributes.id283131" />
                <string xml:space="preserve">+1</string>
              </expression>
            </text>
          </attributes>
        </behavior>
        <behavior id="id606669" class="TimerBehavior" enabled="true">
          <attributes>
            <text id="name">Timer</text>
            <text id="bundleName">Timer.behavior</text>
            <index id="timerType">2</index>
            <real id="interval">2</real>
            <boolean id="runToCompletion">true</boolean>
          </attributes>
          <behaviors>
            <behavior id="id162846" class="AnimateBehavior" enabled="true">
              <attributes>
                <text id="name">Animate</text>
                <text id="bundleName">Animate.behavior</text>
                <text id="images">spikeobstacle-01	spikeobstacle-02	spikeobstacle-03	spikeobstacle-04	spikeobstacle-05	spikeobstacle-06	spikeobstacle-07</text>
                <index id="speed">10</index>
                <boolean id="loop">true</boolean>
                <boolean id="restoreActorImage">false</boolean>
              </attributes>
            </behavior>
            <behavior id="id593867" class="ChangeAttributeAction" enabled="true">
              <attributes>
                <text id="name">Change Attribute</text>
                <text id="bundleName">ChangeAttribute.behavior</text>
                <text id="targetAttribute">game.attributes.id252048</text>
                <text id="RHS">1</text>
              </attributes>
            </behavior>
          </behaviors>
        </behavior>
        <behavior id="id560411" class="TimerBehavior" enabled="true">
          <attributes>
            <text id="name">Timer</text>
            <text id="bundleName">Timer.behavior</text>
            <index id="timerType">1</index>
            <real id="interval">2</real>
            <boolean id="runToCompletion">true</boolean>
          </attributes>
          <behaviors>
            <behavior id="id267673" class="ChangeAttributeAction" enabled="true">
              <attributes>
                <text id="name">Change Attribute</text>
                <text id="bundleName">ChangeAttribute.behavior</text>
                <text id="targetAttribute">game.attributes.id252048</text>
                <text id="RHS">0</text>
              </attributes>
            </behavior>
          </behaviors>
        </behavior>
        <behavior id="id131764" class="TimerBehavior" enabled="true">
          <attributes>
            <text id="name">Timer</text>
            <text id="bundleName">Timer.behavior</text>
            <index id="timerType">1</index>
            <real id="interval">3</real>
            <boolean id="runToCompletion">true</boolean>
          </attributes>
          <behaviors>
            <behavior id="id396655" class="ChangeAttributeAction" enabled="true">
              <attributes>
                <text id="name">Change Attribute</text>
                <text id="bundleName">ChangeAttribute.behavior</text>
                <text id="targetAttribute">game.attributes.id283131</text>
                <text id="RHS">
                  <expression>
                    <reference keypath="game.attributes.id283131" />
                    <string xml:space="preserve">-1</string>
                  </expression>
                </text>
              </attributes>
            </behavior>
          </behaviors>
        </behavior>
      </behaviors>
    </behavior>
  </behaviors>
  <aspects>
    <graphics>
      <attributes>
        <boolean id="visible">true</boolean>
        <enumeration id="blendingMode">0</enumeration>
        <enumeration id="horizontalWrap">0</enumeration>
        <enumeration id="verticalWrap">0</enumeration>
        <enumeration id="horizontalAnchor">0</enumeration>
        <enumeration id="verticalAnchor">0</enumeration>
        <boolean id="flipHorizontally">false</boolean>
        <boolean id="flipVertically">false</boolean>
        <integer id="tileWidth">0</integer>
        <integer id="tileHeight">0</integer>
      </attributes>
    </graphics>
    <motion>
      <attributes>
        <point id="linearVelocity">
          <real id="x">0</real>
          <real id="y">0</real>
        </point>
        <real id="angularVelocity">0</real>
        <real id="maxSpeed">0</real>
        <boolean id="applyMaxSpeed">false</boolean>
      </attributes>
    </motion>
    <physics>
      <attributes>
        <real id="density">5000</real>
        <real id="friction">3</real>
        <real id="restitution">0</real>
        <boolean id="fixedRotation">true</boolean>
        <boolean id="movable">false</boolean>
        <enumeration id="collisionShape">0</enumeration>
        <real id="drag">0</real>
        <real id="angularDrag">0</real>
      </attributes>
    </physics>
  </aspects>
</actor>