<?xml version="1.0" encoding="utf-8"?>
<assets PGFVersion="0.19" GSCVersion="0.10.5">
  <sounds>
    <sound name="Plants_vs_Zombies_Soundtrack_Mini_Games_Mp3Convert">
      <file name="Plants_vs_Zombies_Soundtrack_Mini_Games_Mp3Convert.ogg" size="1633346" />
    </sound>
  </sounds>
  <images>
    <image name="platform">
      <file name="platform.png" size="65350" />
    </image>
    <image name="platform1">
      <file name="platform1.png" size="40685" />
    </image>
    <image name="platform2">
      <file name="platform2.png" size="36915" />
    </image>
    <image name="Idle (015)">
      <file name="Idle (015).png" size="88416" />
    </image>
    <image name="Walk (01)">
      <file name="Walk (01).png" size="86448" />
    </image>
    <image name="Walk (02)">
      <file name="Walk (02).png" size="95218" />
    </image>
    <image name="Walk (03)">
      <file name="Walk (03).png" size="95109" />
    </image>
    <image name="Walk (04)">
      <file name="Walk (04).png" size="96282" />
    </image>
    <image name="Walk (05)">
      <file name="Walk (05).png" size="95631" />
    </image>
    <image name="Walk (06)">
      <file name="Walk (06).png" size="92722" />
    </image>
    <image name="Walk (07)">
      <file name="Walk (07).png" size="92366" />
    </image>
    <image name="Walk (08)">
      <file name="Walk (08).png" size="92888" />
    </image>
    <image name="Walk (09)">
      <file name="Walk (09).png" size="94787" />
    </image>
    <image name="Walk (010)">
      <file name="Walk (010).png" size="90904" />
    </image>
    <image name="Attack (1)">
      <file name="Attack (1).png" size="90235" />
    </image>
    <image name="Attack (2)">
      <file name="Attack (2).png" size="94741" />
    </image>
    <image name="Attack (3)">
      <file name="Attack (3).png" size="94529" />
    </image>
    <image name="Attack (4)">
      <file name="Attack (4).png" size="97430" />
    </image>
    <image name="Attack (5)">
      <file name="Attack (5).png" size="94936" />
    </image>
    <image name="Attack (6)">
      <file name="Attack (6).png" size="92537" />
    </image>
    <image name="Attack (7)">
      <file name="Attack (7).png" size="90996" />
    </image>
    <image name="Attack (8)">
      <file name="Attack (8).png" size="91564" />
    </image>
    <image name="beartrap-02">
      <file name="beartrap-02.png" size="17418" />
    </image>
    <image name="beartrap-03">
      <file name="beartrap-03.png" size="16958" />
    </image>
    <image name="beartrap-04">
      <file name="beartrap-04.png" size="16606" />
    </image>
    <image name="beartrap-05">
      <file name="beartrap-05.png" size="15232" />
    </image>
    <image name="spikeobstacle-01">
      <file name="spikeobstacle-01.png" size="28382" />
    </image>
    <image name="spikeobstacle-02">
      <file name="spikeobstacle-02.png" size="27698" />
    </image>
    <image name="spikeobstacle-03">
      <file name="spikeobstacle-03.png" size="27911" />
    </image>
    <image name="spikeobstacle-04">
      <file name="spikeobstacle-04.png" size="26880" />
    </image>
    <image name="spikeobstacle-05">
      <file name="spikeobstacle-05.png" size="26846" />
    </image>
    <image name="spikeobstacle-06">
      <file name="spikeobstacle-06.png" size="29862" />
    </image>
    <image name="spikeobstacle-07">
      <file name="spikeobstacle-07.png" size="26333" />
    </image>
    <image name="beartrap-open-01">
      <file name="beartrap-open-01.png" size="89889" />
    </image>
    <image name="cannon-01">
      <file name="cannon-01.png" size="157926" />
    </image>
    <image name="cannon-02">
      <file name="cannon-02.png" size="157926" />
    </image>
    <image name="cannon-03">
      <file name="cannon-03.png" size="157926" />
    </image>
    <image name="cannon-04">
      <file name="cannon-04.png" size="157926" />
    </image>
    <image name="cannon-05">
      <file name="cannon-05.png" size="157926" />
    </image>
    <image name="cannon-06">
      <file name="cannon-06.png" size="157926" />
    </image>
    <image name="cannon-07">
      <file name="cannon-07.png" size="157926" />
    </image>
    <image name="trap6">
      <file name="trap6.png" size="33706" />
    </image>
    <image name="trap5">
      <file name="trap5.png" size="97959" />
    </image>
    <image name="trap7">
      <file name="trap7.png" size="55148" />
    </image>
    <image name="Cannon_Ball">
      <file name="Cannon_Ball.png" size="92648" />
    </image>
    <image name="trap40">
      <file name="trap40.png" size="77707" />
    </image>
    <image name="lives">
      <file name="lives.png" size="11209" />
    </image>
    <image name="lives-dead">
      <file name="lives-dead.png" size="6216" />
    </image>
    <image name="BG">
      <file name="BG.png" size="104428" />
    </image>
    <image name="Tile (16)">
      <file name="Tile (16).png" size="6292" />
    </image>
    <image name="water3">
      <file name="water3.png" size="15230" />
    </image>
    <image name="water4">
      <file name="water4.png" size="11126" />
    </image>
    <image name="water5">
      <file name="water5.png" size="13061" />
    </image>
    <image name="water6">
      <file name="water6.png" size="15618" />
    </image>
    <image name="water7">
      <file name="water7.png" size="15618" />
    </image>
    <image name="water8">
      <file name="water8.png" size="17434" />
    </image>
    <image name="water9">
      <file name="water9.png" size="18715" />
    </image>
    <image name="water1">
      <file name="water1.png" size="14198" />
    </image>
    <image name="water2">
      <file name="water2.png" size="17885" />
    </image>
    <image name="dirtmiddle">
      <file name="dirtmiddle.png" size="13073" />
    </image>
    <image name="leftsidedirt">
      <file name="leftsidedirt.png" size="16928" />
    </image>
    <image name="rightsidedirt">
      <file name="rightsidedirt.png" size="19941" />
    </image>
    <image name="Walk (1)">
      <file name="Walk (1).png" size="101806" />
    </image>
    <image name="Walk (2)">
      <file name="Walk (2).png" size="107815" />
    </image>
    <image name="Walk (3)">
      <file name="Walk (3).png" size="108154" />
    </image>
    <image name="Walk (4)">
      <file name="Walk (4).png" size="109868" />
    </image>
    <image name="Walk (5)">
      <file name="Walk (5).png" size="108019" />
    </image>
    <image name="Walk (6)">
      <file name="Walk (6).png" size="106382" />
    </image>
    <image name="Walk (7)">
      <file name="Walk (7).png" size="103617" />
    </image>
    <image name="Walk (8)">
      <file name="Walk (8).png" size="103777" />
    </image>
    <image name="Walk (9)">
      <file name="Walk (9).png" size="106408" />
    </image>
    <image name="Walk (10)">
      <file name="Walk (10).png" size="102483" />
    </image>
    <image name="Attack (01)">
      <file name="Attack (01).png" size="105378" />
    </image>
    <image name="Attack (02)">
      <file name="Attack (02).png" size="104739" />
    </image>
    <image name="Attack (03)">
      <file name="Attack (03).png" size="104886" />
    </image>
    <image name="Attack (04)">
      <file name="Attack (04).png" size="107167" />
    </image>
    <image name="Attack (05)">
      <file name="Attack (05).png" size="104395" />
    </image>
    <image name="Attack (06)">
      <file name="Attack (06).png" size="102306" />
    </image>
    <image name="Attack (07)">
      <file name="Attack (07).png" size="102870" />
    </image>
    <image name="Attack (08)">
      <file name="Attack (08).png" size="105323" />
    </image>
    <image name="6-vector-game-backgrounds-8003_imgs_8003_5">
      <file name="6-vector-game-backgrounds-8003_imgs_8003_5.png" size="222941" />
    </image>
    <image name="gameover">
      <file name="gameover.png" size="147556" />
    </image>
    <image name="kill">
      <file name="kill.png" size="207560" />
    </image>
    <image name="play">
      <file name="play.png" size="91500" />
    </image>
    <image name="playagain">
      <file name="playagain.png" size="133651" />
    </image>
    <image name="TITLE">
      <file name="TITLE.png" size="202296" />
    </image>
    <image name="Sky">
      <file name="Sky.png" size="2237323" />
    </image>
    <image name="Idle (01)">
      <file name="Idle (01).png" size="102404" />
    </image>
  </images>
  <behaviors />
</assets>