<?xml version="1.0" encoding="utf-8"?>
<game GSCVersion="0.10.5" PGFVersion="0.19" title="ProjectGDD">
  <tags />
  <resolutionIndependence>0</resolutionIndependence>
  <instructions>Add game instructions here.</instructions>
  <resolution>6</resolution>
  <longDescription>A simple game.</longDescription>
  <prototypes>
    <actor id="id951630" />
    <actor id="id316260" />
    <actor id="id185359" />
    <actor id="id118027" />
    <actor id="id699565" />
    <actor id="id885375" />
    <actor id="id128994" />
    <actor id="id107904" />
    <actor id="id461026" />
    <actor id="id168069" />
    <actor id="id894538" />
    <actor id="id432069" />
    <actor id="id294323" />
    <actor id="id464529" />
    <actor id="id741124" />
    <actor id="id921425" />
    <actor id="id750574" />
    <actor id="id756802" />
    <actor id="id301189" />
    <actor id="id690080" />
    <actor id="id456249" />
    <actor id="id101307" />
    <actor id="id268608" />
    <actor id="id598939" />
    <actor id="id947832" />
    <actor id="id586765" />
    <actor id="id213549" />
    <actor id="id912176" />
    <actor id="id672692" />
    <actor id="id379056" />
    <actor id="id717650" />
    <actor id="id610254" />
    <actor id="id221236" />
  </prototypes>
  <plugins />
  <scenes>
    <scene id="id214939" />
    <scene id="id855174" />
    <scene id="id436386" />
    <scene id="id627605" />
    <scene id="id673919" />
    <scene id="id883420" />
  </scenes>
  <attributes>
    <text id="name">default name</text>
    <real id="time">0</real>
    <size id="displaySize">
      <real id="width">1280</real>
      <real id="height">800</real>
    </size>
    <text id="actorTags">All	Platforms</text>
    <integer id="id500973" name="Active Zombies">0</integer>
    <integer id="id787029" name="Platform">0</integer>
    <boolean id="id408982" name="Walking">true</boolean>
    <boolean id="id252048" name="Spike Active">false</boolean>
    <boolean id="id662669" name="Bear Trap Active">false</boolean>
    <boolean id="id281702" name="Zombie on Wood L2">false</boolean>
    <boolean id="id910036" name="Sharp Trap Active">false</boolean>
    <integer id="id686833" name="Zombies Attacking Wall">0</integer>
    <integer id="id283131" name="Spike Click">0</integer>
    <boolean id="id315822" name="Falling Trap Click">false</boolean>
    <boolean id="id632778" name="Level 2 Wood Click">false</boolean>
    <boolean id="id114044" name="Sharp Trap Click">false</boolean>
    <boolean id="id407454" name="Bear Trap Click">false</boolean>
    <boolean id="id690270" name="Level 1 Wood Click">false</boolean>
    <boolean id="id426567" name="Canon Click">false</boolean>
    <integer id="id383490" name="Level Number">1</integer>
    <boolean id="id467557" name="boyzombie">true</boolean>
  </attributes>
</game>